YEAR,MONTH,LATITUDE,LONGITUDE,LOCATION_NAME,COUNTRY,EVENT_VALIDITY,EQ_MAGNITUDE,EQ_DEPTH,TS_INTENSITY,DAMAGE_TOTAL_DESCRIPTION,DEATHS_TOTAL_DESCRIPTION
1907,9.0,59.5,-135.5,"SKAGWAY, AK",USA,Probable Tsunami,5.5,33.0,0.0,Limited (<$1 million),
1922,1.0,-7.111,143.53,BISMARCK SEA,PAPUA NEW GUINEA,Probable Tsunami,6.9,33.0,,Limited (<$1 million),
1901,3.0,36.0,-120.5,"MONTEREY BAY, N. CALIFORNIA",USA,Probable Tsunami,6.7,,,,
1915,8.0,38.5,20.7,IONIAN SEA,GREECE,Probable Tsunami,6.7,14.0,3.0,Severe (~>$5 to $24 million),
1901,6.0,39.0,143.0,"IWATE, JAPAN",JAPAN,Definite Tsunami,6.0,33.0,,,
1915,11.0,18.0,119.5,W. LUZON ISLAND,PHILIPPINES,Probable Tsunami,6.4,33.0,0.5,Limited (<$1 million),
1920,8.0,-38.0,-73.5,CENTRAL CHILE,CHILE,Probable Tsunami,7.0,15.0,1.0,Moderate (~$1 to $5 million),
1917,5.0,23.2,121.6,TAIWAN,TAIWAN,Definite Tsunami,5.8,33.0,-0.5,,
1917,1.0,24.47,118.08,SOUTH CHINA SEA,CHINA,Definite Tsunami,6.5,,1.0,Limited (<$1 million),
1913,10.0,-7.0,148.0,SOLOMON SEA,PAPUA NEW GUINEA,Definite Tsunami,7.0,33.0,,,
1913,2.0,-41.8,171.5,TASMAN SEA,NEW ZEALAND,Probable Tsunami,6.8,33.0,0.5,Limited (<$1 million),
1912,6.0,40.5,142.0,SANRIKU,JAPAN,Probable Tsunami,6.6,100.0,0.0,Limited (<$1 million),
1909,3.0,34.5,141.5,OFF BOSO PENINSULA,JAPAN,Definite Tsunami,6.7,,,Limited (<$1 million),
1908,9.0,19.0,-155.0,HAWAII,USA,Definite Tsunami,6.8,33.0,0.0,,
1908,2.0,-2.0,100.0,SW. SUMATRA,INDONESIA,Probable Tsunami,7.5,130.0,1.0,,
1903,12.0,-28.5,-71.0,NORTHERN CHILE,CHILE,Probable Tsunami,6.5,,,Moderate (~$1 to $5 million),Few (~1 to 50 people)
1900,9.0,-5.0,148.0,RABAUL HARBOR,PAPUA NEW GUINEA,Probable Tsunami,7.1,,1.5,,
1900,9.0,-4.0,152.0,BISMARCK SEA,PAPUA NEW GUINEA,Definite Tsunami,6.8,,,Limited (<$1 million),
1921,11.0,8.0,127.0,PHILIPPINE TRENCH,PHILIPPINES,Probable Tsunami,7.5,,1.0,Limited (<$1 million),
1921,9.0,-11.0,111.0,JAVA,INDONESIA,Definite Tsunami,7.5,,-2.0,,
1920,9.0,-19.919,168.53,VANUATU ISLANDS,VANUATU,Probable Tsunami,7.8,35.0,,Limited (<$1 million),
1919,5.0,-4.806,153.859,SOLOMON SEA,PAPUA NEW GUINEA,Probable Tsunami,8.2,35.0,1.0,Limited (<$1 million),
1919,4.0,-18.352,-172.515,TONGA ISLANDS,TONGA,Definite Tsunami,8.1,25.0,1.5,,
1918,12.0,-26.0,-71.0,NORTHERN CHILE,CHILE,Definite Tsunami,7.8,33.0,2.5,Severe (~>$5 to $24 million),Few (~1 to 50 people)
1918,11.0,44.5,151.5,S. KURIL ISLANDS,RUSSIA,Definite Tsunami,7.8,33.0,2.0,,
1918,2.0,23.5,117.2,GUANGDONG PROVINCE,CHINA,Definite Tsunami,7.5,33.0,-1.0,Extreme (~$25 million or more),Very Many (~1001 or more people)
1917,5.0,-29.2,-177.0,KERMADEC ISLANDS,NEW ZEALAND,Definite Tsunami,8.0,60.0,3.0,,
1917,1.0,6.0,125.0,CELEBES SEA,PHILIPPINES,Probable Tsunami,6.4,33.0,,Moderate (~$1 to $5 million),Few (~1 to 50 people)
1917,1.0,-7.0,116.0,BALI SEA,INDONESIA,Probable Tsunami,6.6,33.0,,Moderate (~$1 to $5 million),Very Many (~1001 or more people)
1916,4.0,9.6,-82.0,BOCAS DEL TORO,PANAMA,Definite Tsunami,7.0,25.0,,Limited (<$1 million),
1916,1.0,-4.739,152.548,BISMARCK SEA,PAPUA NEW GUINEA,Probable Tsunami,7.9,35.0,2.0,Limited (<$1 million),
1915,11.0,38.3,142.9,SANRIKU,JAPAN,Definite Tsunami,7.8,60.0,0.5,Limited (<$1 million),
1914,1.0,31.58,130.67,SEIKAIDO,JAPAN,Definite Tsunami,7.1,33.0,-1.0,Severe (~>$5 to $24 million),Some (~51 to 100 people)
1911,6.0,28.0,130.0,RYUKYU ISLANDS,JAPAN,Definite Tsunami,8.0,160.0,1.5,Severe (~>$5 to $24 million),Few (~1 to 50 people)
1909,12.0,12.5,145.0,"GUAM, MARIANA ISLANDS",USA TERRITORY,Definite Tsunami,8.0,100.0,,Moderate (~$1 to $5 million),
1909,8.0,35.4,136.3,"ANEGAWA, JAPAN",JAPAN,Definite Tsunami,6.9,33.0,,Severe (~>$5 to $24 million),Few (~1 to 50 people)
1909,3.0,34.5,141.5,OFF BOSO PENINSULA,JAPAN,Definite Tsunami,7.5,80.0,,Limited (<$1 million),
1907,4.0,17.0,-100.0,S. MEXICO,MEXICO,Probable Tsunami,8.1,,,Moderate (~$1 to $5 million),Few (~1 to 50 people)
1907,1.0,18.0,-76.8,JAMAICA,JAMAICA,Definite Tsunami,6.5,,,Extreme (~$25 million or more),Many (~101 to 1000 people)
1906,10.0,-4.0,149.0,BISMARCK SEA,PAPUA NEW GUINEA,Probable Tsunami,7.2,,1.5,Limited (<$1 million),
1906,9.0,-7.0,149.0,SOLOMON SEA,PAPUA NEW GUINEA,Definite Tsunami,8.0,33.0,1.5,Severe (~>$5 to $24 million),Some (~51 to 100 people)
1906,8.0,-33.0,-72.0,CENTRAL CHILE,CHILE,Probable Tsunami,8.2,25.0,2.0,Extreme (~$25 million or more),Very Many (~1001 or more people)
1906,4.0,37.7,-122.5,N. CALIFORNIA,USA,Definite Tsunami,7.9,33.0,-4.0,,
1904,6.0,52.0,159.0,"KAMCHATKA PENINSULA, RUSSIA",RUSSIA,Probable Tsunami,8.1,,,,
1904,6.0,52.0,159.0,"KAMCHATKA PENINSULA, RUSSIA",RUSSIA,Definite Tsunami,8.3,30.0,2.0,,
1902,7.0,40.75,23.25,AEGEAN SEA,GREECE,Probable Tsunami,6.6,,2.0,,
1901,8.0,40.5,142.5,OFF NORTHEAST COAST HONSHU,JAPAN,Definite Tsunami,6.3,33.0,,,
1901,8.0,40.6,142.3,OFF NORTHEAST COAST HONSHU,JAPAN,Definite Tsunami,7.4,33.0,-1.0,Moderate (~$1 to $5 million),Few (~1 to 50 people)
1901,8.0,40.5,142.5,OFF NORTHEAST COAST HONSHU,JAPAN,Definite Tsunami,7.2,33.0,-0.5,Moderate (~$1 to $5 million),
1901,6.0,28.0,130.3,RYUKYU ISLANDS,JAPAN,Definite Tsunami,7.5,33.0,-1.5,Limited (<$1 million),
1900,10.0,11.0,-66.0,MANCUTO,VENEZUELA,Probable Tsunami,8.4,25.0,,Severe (~>$5 to $24 million),Few (~1 to 50 people)
1900,10.0,-4.0,140.0,BISMARCK SEA,INDONESIA,Probable Tsunami,6.9,,1.5,Limited (<$1 million),Few (~1 to 50 people)
1918,9.0,45.5,151.5,S. KURIL ISLANDS,RUSSIA,Definite Tsunami,8.2,33.0,3.0,Moderate (~$1 to $5 million),Few (~1 to 50 people)
1918,8.0,5.5,123.0,CELEBES SEA,PHILIPPINES,Definite Tsunami,8.3,33.0,2.5,Severe (~>$5 to $24 million),Some (~51 to 100 people)
1917,6.0,-15.5,-173.0,SAMOA ISLANDS,SAMOA,Definite Tsunami,8.3,25.0,3.0,Moderate (~$1 to $5 million),Few (~1 to 50 people)
1914,5.0,-1.829,136.943,NW. IRIAN JAYA,INDONESIA,Definite Tsunami,8.1,15.0,2.0,Moderate (~$1 to $5 million),Many (~101 to 1000 people)
1901,8.0,-22.0,170.0,LOYALTY ISLANDS,NEW CALEDONIA,Definite Tsunami,7.9,,,Moderate (~$1 to $5 million),Few (~1 to 50 people)
1905,7.0,37.4,142.6,JAPAN:  OFF FUKUSHIMA,JAPAN,Probable Tsunami,7.0,33.0,,,Some (~51 to 100 people)
1902,2.0,13.5,-89.5,EL SALVADOR-GUATEMALA,EL SALVADOR,Probable Tsunami,7.0,,2.0,Severe (~>$5 to $24 million),Many (~101 to 1000 people)
1918,10.0,18.7,-67.189,PUERTO RICO: MONA PASSAGE,USA TERRITORY,Definite Tsunami,7.1,15.0,,Moderate (~$1 to $5 million),Many (~101 to 1000 people)
1907,1.0,2.0,94.5,NW. SUMATRA,INDONESIA,Definite Tsunami,7.6,50.0,2.0,Severe (~>$5 to $24 million),Many (~101 to 1000 people)
1906,1.0,1.0,-81.5,OFF COAST,ECUADOR,Definite Tsunami,8.8,25.0,3.0,Severe (~>$5 to $24 million),Many (~101 to 1000 people)
1908,12.0,38.17,15.58,"MESSINA STRAIT, IONIAN SEA",ITALY,Definite Tsunami,7.0,40.0,5.0,Extreme (~$25 million or more),Very Many (~1001 or more people)
1933,1.0,49.12,154.508,"KHARIMKOTAN, N. KURIL ISLANDS",RUSSIA,Definite Tsunami,6.0,33.0,2.0,,Few (~1 to 50 people)
1926,1.0,-10.061,159.215,SOLOMON SEA,SOLOMON ISLANDS,Probable Tsunami,7.5,15.0,,Limited (<$1 million),
1938,11.0,37.0,141.7,OFF FUKUSHIMA PREFECTURE,JAPAN,Definite Tsunami,7.1,20.0,-0.5,,
1953,3.0,50.0,156.5,N. KURIL ISLANDS,RUSSIA,Probable Tsunami,5.8,,,,
1961,5.0,36.7,28.5,ASIA MINOR,TURKEY,Probable Tsunami,6.5,,,,
1927,10.0,57.69,-136.07,"SE. ALASKA, AK",USA,Probable Tsunami,7.1,25.0,,,
1945,2.0,40.9,142.1,SANRIKU,JAPAN,Definite Tsunami,7.3,20.0,-1.5,,Few (~1 to 50 people)
1967,12.0,-21.7,-69.5,NORTHERN CHILE,CHILE,Probable Tsunami,7.5,33.0,0.0,Moderate (~$1 to $5 million),Few (~1 to 50 people)
1948,6.0,6.0,95.0,OFF NORTHWEST COAST,INDONESIA,Probable Tsunami,6.3,,0.0,,
1928,5.0,40.0,143.2,SANRIKU,JAPAN,Definite Tsunami,7.0,40.0,-2.0,,
1964,7.0,47.159,153.876,S. KURIL ISLANDS,RUSSIA,Definite Tsunami,6.8,15.0,-2.0,,
1962,4.0,42.2,143.9,SE. HOKKAIDO ISLAND,JAPAN,Definite Tsunami,7.0,60.0,-3.5,,
1960,7.0,40.3,142.5,SANRIKU,JAPAN,Definite Tsunami,6.7,30.0,-3.0,,
1959,10.0,37.5,143.2,SANRIKU,JAPAN,Definite Tsunami,6.7,10.0,-4.0,,
1943,6.0,41.2,143.3,SE. HOKKAIDO ISLAND,JAPAN,Definite Tsunami,7.1,20.0,-0.5,,
1938,5.0,36.7,141.4,JAPAN TRENCH,JAPAN,Definite Tsunami,7.1,,,,
1927,8.0,34.2,142.0,"KASHIMA, JAPAN",JAPAN,Definite Tsunami,6.4,20.0,,,
1964,5.0,40.3,139.0,NW. HONSHU ISLAND,JAPAN,Definite Tsunami,6.9,30.0,0.0,Moderate (~$1 to $5 million),
1968,1.0,43.586,146.701,S. KURIL ISLANDS,RUSSIA,Definite Tsunami,7.3,40.0,-1.0,,
1965,8.0,-15.8,167.2,VANUATU ISLANDS,VANUATU,Definite Tsunami,7.0,13.0,2.5,Moderate (~$1 to $5 million),
1965,7.0,53.03,-167.55,"FOX ISLANDS, ALEUTIAN ISLANDS, AK",USA,Definite Tsunami,6.5,40.0,-2.0,Limited (<$1 million),
1965,6.0,44.7,148.7,S. KURIL ISLANDS,RUSSIA,Definite Tsunami,7.2,,-3.0,,
1964,12.0,40.4,138.9,NW. HONSHU ISLAND,JAPAN,Definite Tsunami,6.3,40.0,-3.0,,
1963,10.0,44.426,149.272,S. KURIL ISLANDS,RUSSIA,Definite Tsunami,7.1,48.0,-2.0,,
1962,4.0,38.073,142.741,SANRIKU,JAPAN,Definite Tsunami,7.2,25.0,-2.0,,
1962,3.0,8.008,-82.757,COSTA RICA-PANAMA,PANAMA,Probable Tsunami,6.8,35.0,,Limited (<$1 million),
1961,8.0,42.9,145.6,SE. HOKKAIDO ISLAND,JAPAN,Definite Tsunami,7.0,80.0,-4.0,,
1961,7.0,-18.421,168.411,VANUATU ISLANDS,VANUATU,Probable Tsunami,7.3,45.0,-0.5,Limited (<$1 million),
1961,7.0,29.6,131.8,RYUKYU ISLANDS,JAPAN,Definite Tsunami,6.6,60.0,-3.0,,
1961,2.0,43.2,147.9,S. KURIL ISLANDS,RUSSIA,Definite Tsunami,6.6,80.0,-0.5,,
1961,1.0,36.2,141.9,"KASHIMA, JAPAN",JAPAN,Definite Tsunami,6.5,20.0,-2.0,,
1961,1.0,36.0,141.9,"KASHIMA, JAPAN",JAPAN,Definite Tsunami,6.4,20.0,-2.0,,
1961,1.0,36.0,142.3,"KASHIMA, JAPAN",JAPAN,Definite Tsunami,6.8,40.0,-2.0,,
1960,6.0,-9.4,152.3,SOLOMON SEA,PAPUA NEW GUINEA,Probable Tsunami,6.6,33.0,0.0,,
1960,3.0,39.4,143.7,SANRIKU,JAPAN,Definite Tsunami,6.7,20.0,-2.5,,
1960,3.0,39.8,143.4,SANRIKU,JAPAN,Definite Tsunami,7.5,20.0,-2.0,Limited (<$1 million),
1959,1.0,37.5,142.2,SANRIKU,JAPAN,Definite Tsunami,6.8,40.0,-2.0,,
1957,9.0,-8.2,107.3,SOUTH OF JAVA,INDONESIA,Probable Tsunami,5.5,,,,
1956,3.0,44.3,144.1,NE. HOKKAIDO ISLAND,JAPAN,Definite Tsunami,6.3,20.0,-2.0,,
1955,10.0,-5.1,152.924,BISMARCK SEA,PAPUA NEW GUINEA,Probable Tsunami,7.3,35.0,,,
1955,9.0,-6.9,155.7,SOLOMON SEA,PAPUA NEW GUINEA,Probable Tsunami,6.5,33.0,,,
1954,11.0,38.9,142.2,"MIYAGI, JAPAN",JAPAN,Definite Tsunami,6.1,30.0,-1.0,,
1952,3.0,19.1,-155.0,HAWAII,USA,Definite Tsunami,4.5,33.0,0.0,,
1950,11.0,-10.0,159.5,SOLOMON SEA,SOLOMON ISLANDS,Probable Tsunami,7.3,33.0,,,
1950,10.0,14.31,-91.917,GUATEMALA,GUATEMALA,Definite Tsunami,7.5,65.0,-1.0,Severe (~>$5 to $24 million),
1949,10.0,-5.5,154.0,SOLOMON SEA,PAPUA NEW GUINEA,Definite Tsunami,7.5,60.0,-1.0,,
1949,1.0,54.6,163.5,KAMCHATKA,RUSSIA,Definite Tsunami,5.9,150.0,,,
1948,12.0,-22.5,-69.0,NORTHERN CHILE,CHILE,Probable Tsunami,7.0,100.0,0.0,,
1948,4.0,33.1,135.6,TOKAIDO,JAPAN,Definite Tsunami,7.2,40.0,-1.0,,
1947,11.0,43.8,141.0,W. HOKKAIDO ISLAND,JAPAN,Definite Tsunami,7.0,33.0,1.0,Limited (<$1 million),
1947,5.0,-38.42,178.88,OFF COAST OF NORTH ISLAND,NEW ZEALAND,Definite Tsunami,6.9,12.0,,,
1947,3.0,-38.85,178.87,OFF COAST OF NORTH ISLAND,NEW ZEALAND,Probable Tsunami,7.1,12.0,3.0,Limited (<$1 million),
1946,6.0,49.87,-124.92,BRITISH COLUMBIA,CANADA,Definite Tsunami,7.3,,2.0,Limited (<$1 million),
1941,12.0,8.5,-84.0,COSTA RICA-PANAMA,COSTA RICA,Definite Tsunami,6.9,,-4.0,,
1941,1.0,-4.175,152.071,BISMARCK SEA,PAPUA NEW GUINEA,Definite Tsunami,7.4,15.0,-2.5,Moderate (~$1 to $5 million),Few (~1 to 50 people)
1939,3.0,32.3,132.0,SEIKAIDO,JAPAN,Definite Tsunami,6.6,20.0,0.0,Limited (<$1 million),Few (~1 to 50 people)
1938,11.0,36.7,142.1,SANRIKU,JAPAN,Definite Tsunami,6.9,10.0,-2.5,,
1938,11.0,37.0,141.5,SANRIKU,JAPAN,Definite Tsunami,6.0,60.0,-1.5,,
1961,11.0,42.7,145.7,SE. HOKKAIDO ISLAND,JAPAN,Definite Tsunami,6.9,60.0,-3.5,,
1938,11.0,37.0,142.2,SANRIKU,JAPAN,Definite Tsunami,7.0,50.0,-3.0,,
1931,9.0,-5.0,102.75,SW. SUMATRA,INDONESIA,Probable Tsunami,7.4,,,Limited (<$1 million),
1927,12.0,55.663,160.039,KAMCHATKA,RUSSIA,Definite Tsunami,7.5,35.0,,,
1927,11.0,-44.6,-73.0,SOUTHERN CHILE,CHILE,Probable Tsunami,7.1,33.0,2.0,,
1927,8.0,37.9,142.0,SANRIKU,JAPAN,Definite Tsunami,6.9,10.0,,Limited (<$1 million),
1926,9.0,-9.674,159.519,SOLOMON ISLANDS,SOLOMON ISLANDS,Definite Tsunami,6.9,35.0,1.5,Moderate (~$1 to $5 million),
1925,2.0,60.0,-146.0,"GULF OF ALASKA, AK",USA,Probable Tsunami,6.0,,1.0,Limited (<$1 million),
1924,5.0,16.0,118.0,PHILIPPINES,PHILIPPINES,Definite Tsunami,6.5,,1.5,Limited (<$1 million),
1924,4.0,6.5,126.5,E. MINDANAO ISLAND,PHILIPPINES,Definite Tsunami,8.3,33.0,0.5,Severe (~>$5 to $24 million),
1923,11.0,-4.653,154.232,BISMARCK SEA,PAPUA NEW GUINEA,Probable Tsunami,7.1,145.0,,,
1923,6.0,35.4,141.8,"KASHIMA, JAPAN",JAPAN,Definite Tsunami,7.3,40.0,-1.5,,
1923,3.0,6.5,124.0,"MINDANAO ISLAND, PHILIPPINES",PHILIPPINES,Probable Tsunami,7.2,22.0,0.5,,
1922,12.0,-43.0,173.0,SE. NEW ZEALAND,NEW ZEALAND,Probable Tsunami,6.3,,0.0,,
1937,9.0,56.0,162.5,KAMCHATKA,RUSSIA,Probable Tsunami,5.7,33.0,1.0,,
1936,11.0,38.2,142.2,SANRIKU,JAPAN,Definite Tsunami,7.7,40.0,,,
1936,7.0,-24.5,-70.0,NORTHERN CHILE,CHILE,Definite Tsunami,7.3,60.0,0.5,Moderate (~$1 to $5 million),Few (~1 to 50 people)
1935,10.0,40.7,144.3,SANRIKU,JAPAN,Definite Tsunami,7.0,10.0,-2.0,,
1935,10.0,39.9,143.7,SANRIKU,JAPAN,Definite Tsunami,7.2,10.0,-1.0,,
1935,7.0,36.6,141.4,JAPAN,JAPAN,Definite Tsunami,6.5,,,,
1934,7.0,-11.139,165.503,SOLOMON ISLANDS,SOLOMON ISLANDS,Probable Tsunami,7.2,35.0,,,
1933,10.0,-2.0,-81.0,ECUADOR,ECUADOR,Probable Tsunami,6.9,33.0,1.5,,
1933,6.0,38.1,142.4,SANRIKU,JAPAN,Definite Tsunami,7.1,20.0,,,
1930,9.0,-4.423,145.46,BISMARCK SEA,PAPUA NEW GUINEA,Probable Tsunami,6.6,35.0,,,
1930,6.0,-5.6,105.3,SOUTH OF JAVA,INDONESIA,Probable Tsunami,6.0,33.0,,,
1929,5.0,51.0,-131.0,BRITISH COLUMBIA,CANADA,Probable Tsunami,7.0,33.0,0.0,Limited (<$1 million),
1929,5.0,31.7,132.2,HIUGANADA,JAPAN,Definite Tsunami,7.1,30.0,,,
1968,4.0,32.3,132.5,SEIKAIDO,JAPAN,Definite Tsunami,7.5,30.0,1.0,Moderate (~$1 to $5 million),Few (~1 to 50 people)
1968,2.0,39.368,24.957,"LEMNOS ISLAND, NORTH AEGEAN SEA",GREECE,Definite Tsunami,7.2,15.0,3.0,Limited (<$1 million),Few (~1 to 50 people)
1967,8.0,-4.4,152.5,BISMARCK SEA,PAPUA NEW GUINEA,Definite Tsunami,6.4,30.0,,,
1967,4.0,5.5,97.3,NORTHEAST SUMATRA,INDONESIA,Probable Tsunami,6.1,100.0,1.5,Severe (~>$5 to $24 million),Few (~1 to 50 people)
1966,12.0,-25.5,-70.7,NORTHERN CHILE,CHILE,Definite Tsunami,7.8,47.0,0.5,Limited (<$1 million),Few (~1 to 50 people)
1966,10.0,-10.748,-78.638,CENTRAL PERU,PERU,Definite Tsunami,8.1,38.0,1.5,Extreme (~$25 million or more),Many (~101 to 1000 people)
1966,6.0,-10.343,160.883,SOLOMON ISLANDS,SOLOMON ISLANDS,Probable Tsunami,7.1,31.0,1.0,,
1966,3.0,24.1,122.6,E. TAIWAN-RYUKYU ISLANDS,TAIWAN,Probable Tsunami,7.6,48.0,0.0,Moderate (~$1 to $5 million),Few (~1 to 50 people)
1965,8.0,16.3,-95.8,MEXICO,MEXICO,Definite Tsunami,7.8,,,Limited (<$1 million),Few (~1 to 50 people)
1965,3.0,50.32,177.93,"RAT ISLANDS, ALEUTIAN ISLANDS, AK",USA,Definite Tsunami,7.6,20.0,-1.0,,
1965,2.0,51.29,178.55,"RAT ISLANDS, ALEUTIAN ISLANDS, AK",USA,Definite Tsunami,8.7,36.0,2.5,Limited (<$1 million),
1964,11.0,-5.7,150.7,NEW BRITAIN,PAPUA NEW GUINEA,Probable Tsunami,7.6,45.0,,Limited (<$1 million),
1964,4.0,5.8,95.4,OFF NORTHWEST COAST OF INDONESIA,INDONESIA,Probable Tsunami,7.0,100.0,0.0,Severe (~>$5 to $24 million),
1963,10.0,44.772,150.563,S. KURIL ISLANDS,RUSSIA,Definite Tsunami,7.9,28.0,3.0,,
1963,10.0,44.772,149.798,S. KURIL ISLANDS,RUSSIA,Definite Tsunami,8.5,13.0,2.5,,
1963,2.0,24.4,122.1,E. TAIWAN-RYUKYU ISLANDS,TAIWAN,Definite Tsunami,7.3,47.0,-2.0,Moderate (~$1 to $5 million),Few (~1 to 50 people)
1962,5.0,17.2,-99.5,S. MEXICO,MEXICO,Probable Tsunami,7.2,33.0,,Moderate (~$1 to $5 million),Few (~1 to 50 people)
1962,5.0,17.2,-99.6,S. MEXICO,MEXICO,Definite Tsunami,7.0,40.0,0.0,Moderate (~$1 to $5 million),Few (~1 to 50 people)
1961,2.0,31.6,131.8,SEIKAIDO,JAPAN,Definite Tsunami,7.6,74.0,-0.5,Moderate (~$1 to $5 million),Few (~1 to 50 people)
1960,5.0,-37.872,-73.243,CENTRAL CHILE,CHILE,Definite Tsunami,8.2,35.0,-1.0,Limited (<$1 million),Few (~1 to 50 people)
1959,8.0,-7.5,156.0,SOLOMON ISLANDS,SOLOMON ISLANDS,Definite Tsunami,7.3,33.0,,Severe (~>$5 to $24 million),
1959,5.0,52.5,159.5,KAMCHATKA,RUSSIA,Definite Tsunami,8.2,60.0,1.0,,
1958,11.0,44.53,148.54,S. KURIL ISLANDS,RUSSIA,Definite Tsunami,8.3,40.0,2.5,Moderate (~$1 to $5 million),
1957,7.0,16.5,-99.1,S. MEXICO,MEXICO,Definite Tsunami,7.9,25.0,0.5,Extreme (~$25 million or more),Some (~51 to 100 people)
1957,6.0,-1.5,137.0,NW. IRIAN JAYA,INDONESIA,Probable Tsunami,7.3,33.0,,,
1953,12.0,-3.4,-80.6,N. PERU,PERU,Definite Tsunami,7.4,30.0,0.5,Moderate (~$1 to $5 million),Few (~1 to 50 people)
1953,11.0,34.0,141.7,"KASHIMA, JAPAN",JAPAN,Definite Tsunami,7.4,60.0,1.5,Limited (<$1 million),Few (~1 to 50 people)
1952,3.0,9.5,127.25,"E. OF MINDANO, PHILIPPINES",PHILIPPINES,Definite Tsunami,7.8,25.0,,Limited (<$1 million),
1952,3.0,41.7,143.6,SE. HOKKAIDO ISLAND,JAPAN,Definite Tsunami,7.0,20.0,-2.0,Moderate (~$1 to $5 million),
1951,8.0,19.5,-156.0,HAWAII,USA,Definite Tsunami,6.9,12.0,0.5,Limited (<$1 million),
1950,12.0,16.48,-98.22,S. MEXICO,MEXICO,Definite Tsunami,7.5,50.0,,Severe (~>$5 to $24 million),
1950,10.0,11.0,-85.0,COSTA RICA-NICARAGUA,COSTA RICA,Definite Tsunami,7.7,33.0,-2.0,Limited (<$1 million),
1949,8.0,53.6,-133.3,BRITISH COLUMBIA,CANADA,Definite Tsunami,8.1,25.0,,,
1949,7.0,38.718,26.482,"CHIOS ISLAND, AEGEAN ISLANDS",GREECE,Probable Tsunami,6.5,15.0,2.0,Extreme (~$25 million or more),Few (~1 to 50 people)
1949,4.0,47.167,-122.617,"PUGET SOUND, WA",USA,Probable Tsunami,7.0,70.0,,Extreme (~$25 million or more),Few (~1 to 50 people)
1948,9.0,-21.0,-174.0,TONGA TRENCH,TONGA,Definite Tsunami,7.8,33.0,1.5,,
1948,4.0,38.532,20.427,IONIAN SEA,GREECE,Definite Tsunami,6.5,15.0,4.0,Severe (~>$5 to $24 million),Few (~1 to 50 people)
1948,2.0,35.5,27.2,"DODECANESE, KARPATHOS IS.",GREECE,Definite Tsunami,7.1,40.0,4.0,Limited (<$1 million),
1947,10.0,37.0,22.0,"PELOPONNESUS, GREECE",GREECE,Probable Tsunami,6.9,28.0,2.0,Extreme (~$25 million or more),Few (~1 to 50 people)
1945,1.0,34.7,137.2,TOKAIDO,JAPAN,Definite Tsunami,7.1,33.0,-0.5,Extreme (~$25 million or more),Very Many (~1001 or more people)
1943,4.0,-30.75,-72.0,CENTRAL CHILE,CHILE,Definite Tsunami,8.2,35.0,,Limited (<$1 million),Few (~1 to 50 people)
1942,8.0,-15.0,-76.0,S. PERU,PERU,Definite Tsunami,8.2,60.0,1.0,Severe (~>$5 to $24 million),Few (~1 to 50 people)
1941,12.0,8.7,-83.2,COSTA RICA-PANAMA,COSTA RICA,Definite Tsunami,7.6,,-3.0,Moderate (~$1 to $5 million),Few (~1 to 50 people)
1941,6.0,11.94,92.626,"ANDAMAN SEA, E. COAST INDIA",INDIA,Definite Tsunami,8.0,20.0,,Extreme (~$25 million or more),Few (~1 to 50 people)
1939,12.0,0.0,123.0,N. MOLUCCAS ISLANDS,INDONESIA,Probable Tsunami,8.0,150.0,,Moderate (~$1 to $5 million),
1939,5.0,40.1,139.5,NW. HONSHU ISLAND,JAPAN,Definite Tsunami,7.0,,0.0,Moderate (~$1 to $5 million),Few (~1 to 50 people)
1938,11.0,55.48,-158.37,"SHUMAGIN ISLANDS, AK",USA,Definite Tsunami,8.2,25.0,,,
1938,11.0,37.5,141.8,OFF FUKUSHIMA PREFECTURE,JAPAN,Definite Tsunami,7.5,0.0,-0.5,,
1938,11.0,37.2,141.7,SANRIKU,JAPAN,Definite Tsunami,7.6,30.0,-0.5,,
1938,11.0,37.1,141.7,SANRIKU,JAPAN,Definite Tsunami,7.7,30.0,-0.5,Limited (<$1 million),Few (~1 to 50 people)
1938,6.0,25.321,125.115,RYUKYU ISLANDS,JAPAN,Definite Tsunami,7.6,35.0,0.0,Limited (<$1 million),
1938,5.0,-6.0,147.8,SOLOMON SEA,PAPUA NEW GUINEA,Probable Tsunami,7.5,,,Limited (<$1 million),
1938,2.0,-5.25,130.5,BANDA SEA,INDONESIA,Definite Tsunami,8.5,,1.5,Moderate (~$1 to $5 million),
1937,8.0,14.5,121.5,W. LUZON ISLAND,PHILIPPINES,Probable Tsunami,7.5,60.0,1.0,Severe (~>$5 to $24 million),Few (~1 to 50 people)
1936,4.0,4.5,126.5,SULAWESI,INDONESIA,Definite Tsunami,7.7,60.0,2.0,Moderate (~$1 to $5 million),
1935,9.0,-3.824,141.416,BISMARCK SEA,PAPUA NEW GUINEA,Probable Tsunami,7.8,30.0,,,
1934,7.0,-11.907,166.731,SOLOMON ISLANDS,SOLOMON ISLANDS,Probable Tsunami,7.8,35.0,,,
1934,7.0,8.0,-82.5,COSTA RICA-PANAMA,PANAMA,Probable Tsunami,7.7,60.0,1.5,Limited (<$1 million),
1934,2.0,17.5,119.0,SOUTH CHINA SEA,PHILIPPINES,Definite Tsunami,7.9,55.0,0.5,Limited (<$1 million),
1932,6.0,19.081,-103.631,CENTRAL MEXICO,MEXICO,Definite Tsunami,7.8,15.0,0.5,Moderate (~$1 to $5 million),
1931,11.0,32.2,132.1,SEIKAIDO,JAPAN,Definite Tsunami,7.1,40.0,,,Few (~1 to 50 people)
1931,3.0,41.2,142.5,SANRIKU,JAPAN,Definite Tsunami,7.6,60.0,-1.0,,
1931,2.0,-39.772,176.025,N. NEW ZEALAND,NEW ZEALAND,Definite Tsunami,7.7,35.0,0.0,Extreme (~$25 million or more),Many (~101 to 1000 people)
1929,3.0,50.88,-169.71,"FOX ISLANDS, ALEUTIAN ISLANDS, AK",USA,Definite Tsunami,7.8,50.0,,Limited (<$1 million),
1929,1.0,10.6,-65.6,CUMANA,VENEZUELA,Definite Tsunami,6.9,,,Severe (~>$5 to $24 million),Few (~1 to 50 people)
1928,12.0,-35.0,-72.0,CENTRAL CHILE,CHILE,Probable Tsunami,7.6,25.0,0.5,Severe (~>$5 to $24 million),Many (~101 to 1000 people)
1928,6.0,16.028,-97.036,S. MEXICO,MEXICO,Definite Tsunami,7.7,35.0,1.0,Moderate (~$1 to $5 million),Few (~1 to 50 people)
1928,6.0,12.4,120.9,SULU SEA,PHILIPPINES,Probable Tsunami,7.0,33.0,0.5,Moderate (~$1 to $5 million),
1928,4.0,38.0,23.0,CORINTHOS-PATRAS GULF,GREECE,Probable Tsunami,6.0,29.0,3.0,Extreme (~$25 million or more),Few (~1 to 50 people)
1928,3.0,15.67,-96.1,MEXICO,MEXICO,Definite Tsunami,7.7,60.0,,,
1927,11.0,34.813,-120.774,S. CALIFORNIA,USA,Definite Tsunami,7.3,10.0,1.0,Moderate (~$1 to $5 million),
1927,3.0,35.6,135.1,SW. HONSHU ISLAND,JAPAN,Definite Tsunami,7.6,10.0,0.5,Extreme (~$25 million or more),Very Many (~1001 or more people)
1924,6.0,-56.0,157.5,MACQUARIE ISLAND,AUSTRALIA,Probable Tsunami,7.8,,,,
1923,9.0,34.9,140.2,RYUKYU ISLANDS,JAPAN,Definite Tsunami,7.7,20.0,-1.5,,
1923,2.0,54.0,161.0,KAMCHATKA,RUSSIA,Definite Tsunami,8.3,19.0,,Moderate (~$1 to $5 million),Few (~1 to 50 people)
1953,9.0,-18.3,178.2,FIJI ISLANDS,FIJI,Definite Tsunami,6.4,33.0,1.0,Moderate (~$1 to $5 million),Few (~1 to 50 people)
1930,8.0,34.03,-118.643,S. CALIFORNIA,USA,Probable Tsunami,5.2,15.0,-0.5,Limited (<$1 million),Few (~1 to 50 people)
1940,8.0,44.2,139.5,W. HOKKAIDO ISLAND,JAPAN,Definite Tsunami,7.5,10.0,1.5,Moderate (~$1 to $5 million),Few (~1 to 50 people)
1938,5.0,43.6,144.3,E. HOKKAIDO ISLAND,JAPAN,Definite Tsunami,6.1,,,Limited (<$1 million),Few (~1 to 50 people)
1930,12.0,-1.3,144.3,BISMARCK SEA,PAPUA NEW GUINEA,Definite Tsunami,6.5,33.0,1.5,Moderate (~$1 to $5 million),Few (~1 to 50 people)
1967,4.0,-3.7,119.3,MAKASSAR STRAIT,INDONESIA,Probable Tsunami,5.5,33.0,1.0,Moderate (~$1 to $5 million),Some (~51 to 100 people)
1964,6.0,38.65,139.2,NW. HONSHU ISLAND,JAPAN,Definite Tsunami,7.5,40.0,2.0,Extreme (~$25 million or more),Few (~1 to 50 people)
1958,7.0,58.37,-136.665,"SE. ALASKA, AK",USA,Definite Tsunami,7.8,35.0,5.0,Limited (<$1 million),Few (~1 to 50 people)
1958,1.0,1.5,-79.5,COLOMBIA-ECUADOR,ECUADOR,Definite Tsunami,7.6,60.0,2.0,Moderate (~$1 to $5 million),Many (~101 to 1000 people)
1957,3.0,51.292,-175.629,"ANDREANOF ISLANDS, AK",USA,Definite Tsunami,8.6,33.0,3.0,Severe (~>$5 to $24 million),Few (~1 to 50 people)
1956,7.0,36.9,26.0,CYCLADES,GREECE,Definite Tsunami,7.8,20.0,5.0,Severe (~>$5 to $24 million),Some (~51 to 100 people)
1955,4.0,-30.0,-72.0,CENTRAL CHILE,CHILE,Definite Tsunami,7.1,30.0,1.0,Limited (<$1 million),Few (~1 to 50 people)
1952,3.0,42.15,143.85,SE. HOKKAIDO ISLAND,JAPAN,Definite Tsunami,8.1,45.0,2.0,Severe (~>$5 to $24 million),Few (~1 to 50 people)
1950,10.0,-3.8,128.3,BANDA SEA,INDONESIA,Probable Tsunami,7.6,,2.0,Severe (~>$5 to $24 million),Few (~1 to 50 people)
1948,1.0,10.5,122.0,SULU SEA,PHILIPPINES,Probable Tsunami,8.3,33.0,1.5,Moderate (~$1 to $5 million),Some (~51 to 100 people)
1941,11.0,32.0,132.1,SEIKAIDO,JAPAN,Definite Tsunami,7.4,10.0,0.0,Limited (<$1 million),Few (~1 to 50 people)
1939,4.0,-9.295,159.234,SOLOMON ISLANDS,SOLOMON ISLANDS,Probable Tsunami,7.9,35.0,1.5,Moderate (~$1 to $5 million),Few (~1 to 50 people)
1938,5.0,-1.0,120.0,MAKASSAR STRAIT,INDONESIA,Definite Tsunami,7.6,,,Severe (~>$5 to $24 million),Few (~1 to 50 people)
1932,6.0,19.623,-103.919,CENTRAL MEXICO,MEXICO,Definite Tsunami,8.1,35.0,2.0,Severe (~>$5 to $24 million),Many (~101 to 1000 people)
1931,10.0,-10.932,161.016,SAN CRISTOBAL ISLAND,SOLOMON ISLANDS,Definite Tsunami,7.8,35.0,2.5,Severe (~>$5 to $24 million),Few (~1 to 50 people)
1929,11.0,44.69,-56.0,"GRAND BANKS, NEWFOUNDLAND",CANADA,Definite Tsunami,7.3,20.0,,Moderate (~$1 to $5 million),Few (~1 to 50 people)
1928,12.0,7.0,124.0,CELEBES SEA,PHILIPPINES,Probable Tsunami,7.3,,1.0,Moderate (~$1 to $5 million),Some (~51 to 100 people)
1927,12.0,-0.7,119.7,SULAWESI,INDONESIA,Probable Tsunami,6.3,,3.0,Severe (~>$5 to $24 million),Few (~1 to 50 people)
1923,4.0,56.5,162.5,KAMCHATKA,RUSSIA,Definite Tsunami,7.2,20.0,3.5,Severe (~>$5 to $24 million),Few (~1 to 50 people)
1968,5.0,40.8,143.2,OFF EAST COAST OF HONSHU ISLAND,JAPAN,Definite Tsunami,8.2,7.0,2.0,Extreme (~$25 million or more),Some (~51 to 100 people)
1965,1.0,-2.4,126.1,SANANA ISLAND,INDONESIA,Definite Tsunami,7.6,6.0,2.0,Moderate (~$1 to $5 million),Some (~51 to 100 people)
1960,11.0,-6.8,-80.7,N. PERU,PERU,Probable Tsunami,6.8,93.0,4.0,Limited (<$1 million),Some (~51 to 100 people)
1946,8.0,19.5,-69.5,NORTHEASTERN COAST,DOMINICAN REPUBLIC,Definite Tsunami,7.5,15.0,,,Some (~51 to 100 people)
1932,6.0,19.242,-104.383,CENTRAL MEXICO,MEXICO,Definite Tsunami,7.7,25.0,1.5,Severe (~>$5 to $24 million),Some (~51 to 100 people)
1922,11.0,-28.553,-70.755,NORTHERN CHILE,CHILE,Definite Tsunami,8.7,35.0,2.5,Severe (~>$5 to $24 million),Many (~101 to 1000 people)
1964,3.0,61.017,-147.648,"PRINCE WILLIAM SOUND, AK",USA,Definite Tsunami,9.2,33.0,3.5,Extreme (~$25 million or more),Many (~101 to 1000 people)
1946,4.0,53.492,-162.832,"UNIMAK ISLAND, AK",USA,Definite Tsunami,8.6,15.0,4.0,Extreme (~$25 million or more),Many (~101 to 1000 people)
1923,9.0,35.1,139.5,SAGAMI BAY,JAPAN,Definite Tsunami,7.9,33.0,3.0,Extreme (~$25 million or more),Very Many (~1001 or more people)
1933,3.0,39.224,144.622,SANRIKU,JAPAN,Definite Tsunami,8.4,35.0,3.5,Extreme (~$25 million or more),Very Many (~1001 or more people)
1944,12.0,34.0,137.1,OFF SOUTHEAST COAST KII PENINSULA,JAPAN,Definite Tsunami,8.1,30.0,2.5,Severe (~>$5 to $24 million),Very Many (~1001 or more people)
1945,11.0,24.5,63.0,MAKRAN COAST,PAKISTAN,Definite Tsunami,8.0,,,Extreme (~$25 million or more),Very Many (~1001 or more people)
1946,8.0,19.25,-69.0,NORTHEASTERN COAST,DOMINICAN REPUBLIC,Definite Tsunami,7.9,15.0,,Severe (~>$5 to $24 million),Very Many (~1001 or more people)
1946,12.0,33.0,135.6,HONSHU: S COAST,JAPAN,Definite Tsunami,8.1,20.0,2.5,Extreme (~$25 million or more),Very Many (~1001 or more people)
1952,11.0,52.755,160.057,KAMCHATKA,RUSSIA,Definite Tsunami,9.0,22.0,4.0,Moderate (~$1 to $5 million),Very Many (~1001 or more people)
1960,5.0,-38.143,-73.407,SOUTHERN CHILE,CHILE,Definite Tsunami,9.5,33.0,4.0,Extreme (~$25 million or more),Very Many (~1001 or more people)
1990,12.0,23.722,121.627,TAIWAN,TAIWAN,Definite Tsunami,6.3,10.0,,Limited (<$1 million),
1971,9.0,46.4,141.1,TATAR STRAIT,RUSSIA,Definite Tsunami,6.0,21.0,-4.0,,
2002,3.0,23.346,124.09,JAPAN,JAPAN,Probable Tsunami,6.4,33.0,,,
1997,10.0,-22.1,-176.77,TONGA ISLANDS,TONGA,Definite Tsunami,7.7,167.0,,,
1987,7.0,-14.074,167.828,VANUATU ISLANDS,VANUATU,Probable Tsunami,6.7,48.0,,,
1984,2.0,38.396,22.094,"CORINTHOS GULF, GREECE",GREECE,Definite Tsunami,5.4,29.0,3.0,,
1977,4.0,-9.828,163.323,SOLOMON ISLANDS,SOLOMON ISLANDS,Definite Tsunami,6.8,33.0,-1.0,Severe (~>$5 to $24 million),Few (~1 to 50 people)
1984,6.0,31.448,140.036,"TORI SHIMA, OKINAWA",JAPAN,Definite Tsunami,5.5,41.0,,,
1987,2.0,36.988,141.689,E. HONSHU ISLAND,JAPAN,Definite Tsunami,6.7,48.0,,,
1989,11.0,18.986,-68.833,PUERTO RICO,USA TERRITORY,Probable Tsunami,4.4,26.0,,,
2001,12.0,23.954,122.734,TAIWAN,TAIWAN,Definite Tsunami,6.8,14.0,,,
2004,1.0,-3.12,127.4,SERAM ISLAND,INDONESIA,Definite Tsunami,6.7,17.0,,,
2003,10.0,37.812,142.619,E. HONSHU ISLAND,JAPAN,Definite Tsunami,7.0,10.0,,,
1996,10.0,31.885,131.468,KYUSHU ISLAND,JAPAN,Definite Tsunami,6.7,22.0,0.5,Limited (<$1 million),
1995,11.0,-28.906,-71.417,NORTHERN CHILE,CHILE,Definite Tsunami,6.7,20.0,-3.0,,
1994,10.0,43.905,147.916,S. KURIL ISLANDS,RUSSIA,Definite Tsunami,7.3,33.0,-3.0,,
1994,4.0,40.608,143.683,HOKKAIDO ISLAND,JAPAN,Definite Tsunami,6.4,13.0,-1.5,,
1990,9.0,33.267,138.643,"W. OF BONIN ISLANDS, IZU IS., JAPAN",JAPAN,Definite Tsunami,6.5,10.0,,,
1982,7.0,36.194,141.702,"IBARAKI, JAPAN",JAPAN,Definite Tsunami,7.2,37.0,-1.0,,
1979,2.0,40.232,143.703,"IWATE, JAPAN",JAPAN,Definite Tsunami,6.4,10.0,,,
1978,3.0,44.026,149.002,S. KURIL ISLANDS,RUSSIA,Definite Tsunami,6.7,33.0,-2.5,,
1974,2.0,-7.4,155.6,SOLOMON ISLANDS,SOLOMON ISLANDS,Definite Tsunami,7.1,40.0,2.0,Moderate (~$1 to $5 million),
1969,8.0,-6.6,146.9,BISMARCK SEA,PAPUA NEW GUINEA,Definite Tsunami,5.4,17.0,-1.0,,
1970,12.0,43.84,39.34,BLACK SEA,RUSSIA,Definite Tsunami,5.1,7.0,2.0,,
1983,8.0,55.867,161.287,"KAMCHATKA BAY, RUSSIA",RUSSIA,Definite Tsunami,7.1,63.0,,,
1971,9.0,46.3,140.9,TATAR STRAIT,RUSSIA,Definite Tsunami,6.2,16.0,-3.0,,
1939,12.0,39.77,39.533,SOUTH BLACK SEA,TURKEY,Definite Tsunami,7.7,35.0,4.0,Severe (~>$5 to $24 million),Very Many (~1001 or more people)
1927,6.0,44.4,34.4,"CRIMEA, BLACK SEA",UKRAINE,Definite Tsunami,6.0,27.0,2.0,Moderate (~$1 to $5 million),
1905,10.0,44.5,37.5,BLACK SEA,RUSSIA,Definite Tsunami,5.1,,2.0,,
1998,5.0,22.306,125.308,TAIWAN:  SOUTHEAST OF,TAIWAN,Definite Tsunami,7.5,33.0,,,
1996,12.0,31.789,131.314,SEA OF JAPAN,JAPAN,Definite Tsunami,6.7,49.0,-2.0,,
1996,9.0,-22.118,-113.436,EASTER ISLAND REGION,CHILE,Definite Tsunami,6.9,10.0,-2.5,,
1996,9.0,31.555,139.931,HONSHU ISLAND,JAPAN,Definite Tsunami,5.7,33.0,-2.0,,
1996,6.0,51.478,-176.847,"ANDREANOF ISLANDS, AK",USA,Definite Tsunami,7.3,24.0,-1.5,,
1996,2.0,15.978,-98.07,MEXICO,MEXICO,Definite Tsunami,7.1,21.0,-3.0,,
1995,10.0,28.094,130.148,RYUKYU ISLANDS,JAPAN,Definite Tsunami,6.8,20.0,0.5,,
1995,10.0,27.929,130.175,RYUKYU ISLANDS,JAPAN,Definite Tsunami,7.1,28.0,1.5,Limited (<$1 million),
1995,4.0,12.047,125.92,SAMAR ISLAND,PHILIPPINES,Definite Tsunami,6.8,23.0,-2.0,,
1995,4.0,12.059,125.58,SAMAR ISLAND,PHILIPPINES,Definite Tsunami,7.2,21.0,-2.0,,
1994,9.0,40.402,-125.68,N. CALIFORNIA,USA,Definite Tsunami,7.0,10.0,-3.0,Limited (<$1 million),
1993,11.0,51.934,158.647,KAMCHATKA,RUSSIA,Definite Tsunami,7.0,34.0,-3.0,,
1993,8.0,41.985,139.839,JAPAN,JAPAN,Definite Tsunami,6.3,13.0,,,
1992,7.0,39.419,143.33,HONSHU ISLAND,JAPAN,Definite Tsunami,7.0,29.0,-0.5,,
1992,1.0,18.0,108.0,SOUTH CHINA SEA,CHINA,Definite Tsunami,3.7,,,Limited (<$1 million),
1991,10.0,-9.094,158.442,SOLOMON ISLANDS,SOLOMON ISLANDS,Definite Tsunami,7.2,23.0,-2.5,,
1991,2.0,58.427,-175.45,"BERING SEA, AK",USA,Definite Tsunami,6.7,20.0,,,
1991,2.0,48.268,154.328,N. KURIL ISLANDS,RUSSIA,Definite Tsunami,5.7,39.0,,,
1991,2.0,-9.929,159.139,SOLOMON ISLANDS,SOLOMON ISLANDS,Definite Tsunami,6.9,10.0,,Limited (<$1 million),
1990,2.0,34.706,139.252,JAPAN,JAPAN,Definite Tsunami,6.4,14.0,,,
1989,10.0,39.571,143.333,N. HONSHU ISLAND,JAPAN,Definite Tsunami,6.5,10.0,,,
1989,9.0,55.543,-156.835,"SEMIDI ISLANDS, AK",USA,Definite Tsunami,7.1,11.0,,,
1988,6.0,18.606,121.013,NORTH OF LUZON ISLAND,PHILIPPINES,Definite Tsunami,5.4,53.0,,,
1988,2.0,-24.753,-70.433,NORTHERN CHILE,CHILE,Definite Tsunami,7.2,37.0,,,
1987,11.0,58.586,-143.27,"GULF OF ALASKA, AK",USA,Definite Tsunami,7.2,10.0,,,
1987,10.0,-7.288,154.371,SOLOMON SEA,PAPUA NEW GUINEA,Definite Tsunami,7.0,25.0,,,
1987,10.0,-17.94,-172.225,TONGA ISLANDS,TONGA,Definite Tsunami,7.3,16.0,,,
1987,3.0,37.447,137.865,HONSHU ISLAND,JAPAN,Definite Tsunami,5.1,23.0,,,
1984,9.0,34.006,141.5,HONSHU ISLAND,JAPAN,Definite Tsunami,6.9,48.0,,,
1984,3.0,44.117,148.192,S. KURIL ISLANDS,RUSSIA,Definite Tsunami,7.2,44.0,-2.0,,
1983,6.0,41.346,139.099,N. HONSHU ISLAND,JAPAN,Definite Tsunami,6.9,10.0,,Limited (<$1 million),
1983,6.0,40.249,138.948,"NOSHIRO, JAPAN",JAPAN,Definite Tsunami,5.9,26.0,,,
1983,3.0,-4.056,127.924,BANDA SEA,INDONESIA,Definite Tsunami,6.9,17.0,1.5,,
1982,12.0,33.826,139.434,S. OF HONSHU ISLAND,JAPAN,Definite Tsunami,6.4,22.0,-1.0,,
1981,1.0,38.64,142.75,E. HONSHU ISLAND,JAPAN,Definite Tsunami,6.9,,,,
1980,2.0,43.53,146.753,S. KURIL ISLANDS,RUSSIA,Definite Tsunami,7.0,44.0,-2.0,,
1979,2.0,60.691,-141.671,"SE. ALASKA, AK",USA,Definite Tsunami,7.5,15.0,,Limited (<$1 million),
1978,7.0,22.282,121.512,TAIWAN,TAIWAN,Probable Tsunami,7.4,17.0,-1.0,,
1978,6.0,8.249,122.403,"MINDANAO ISLAND, PHILIPPINES",PHILIPPINES,Probable Tsunami,6.9,24.0,,,
1976,1.0,44.915,149.123,S. KURIL ISLANDS,RUSSIA,Definite Tsunami,7.0,41.0,-2.5,,
1975,6.0,43.024,147.734,S. KURIL ISLANDS,RUSSIA,Definite Tsunami,7.0,15.0,2.0,Moderate (~$1 to $5 million),
1974,9.0,43.2,146.7,S. KURIL ISLANDS,RUSSIA,Definite Tsunami,6.7,43.0,-1.0,,
1974,1.0,-7.5,155.9,SOLOMON ISLANDS,SOLOMON ISLANDS,Definite Tsunami,7.0,34.0,1.0,,
1972,8.0,-6.0,152.9,SOLOMON SEA,PAPUA NEW GUINEA,Definite Tsunami,7.1,10.0,,,
1971,9.0,46.4,141.1,TATAR STRAIT,RUSSIA,Definite Tsunami,6.6,6.0,-3.0,,
1971,9.0,46.7,141.4,TATAR STRAIT,RUSSIA,Definite Tsunami,5.5,29.0,,,
1971,8.0,41.4,143.5,JAPAN TRENCH,JAPAN,Definite Tsunami,7.3,51.0,-0.5,Limited (<$1 million),
1971,5.0,51.228,-177.173,"ANDREANOF ISLANDS, AK",USA,Definite Tsunami,7.1,30.0,-3.0,,
1970,7.0,32.2,131.7,SEIKAIDO,JAPAN,Definite Tsunami,7.0,34.0,,Limited (<$1 million),
1969,4.0,32.2,132.1,RYUKYU ISLANDS,JAPAN,Definite Tsunami,6.5,41.0,-3.0,,
1996,10.0,30.568,131.093,KYUSHU ISLAND,JAPAN,Definite Tsunami,6.6,10.0,-2.5,,
1992,5.0,-11.122,165.239,SANTA CRUZ ISLANDS,SOLOMON ISLANDS,Definite Tsunami,7.1,19.0,,,
1984,12.0,56.194,163.46,KAMCHATKA,RUSSIA,Definite Tsunami,6.8,33.0,,,
2004,9.0,33.184,137.071,SOUTH COAST HONSHU ISLAND,JAPAN,Definite Tsunami,7.4,10.0,,Limited (<$1 million),
2004,9.0,33.07,136.618,SOUTH COAST HONSHU ISLAND,JAPAN,Definite Tsunami,7.2,14.0,,Limited (<$1 million),
2003,11.0,51.146,178.65,"RAT ISLANDS, ALEUTIAN ISLANDS, AK",USA,Definite Tsunami,7.8,33.0,,Limited (<$1 million),
2003,5.0,36.964,3.634,N. ALGERIA,ALGERIA,Definite Tsunami,6.8,12.0,1.5,Extreme (~$25 million or more),Very Many (~1001 or more people)
2003,1.0,18.77,-104.104,S. MEXICO,MEXICO,Definite Tsunami,7.5,24.0,0.5,Severe (~>$5 to $24 million),Few (~1 to 50 people)
2003,1.0,-10.491,160.77,SOLOMON ISLANDS,SOLOMON ISLANDS,Definite Tsunami,7.3,33.0,,,
2002,9.0,13.036,93.068,"ANDAMAN ISLANDS, INDIA",INDIA,Definite Tsunami,6.5,21.0,,Moderate (~$1 to $5 million),Few (~1 to 50 people)
2002,9.0,-3.26,142.94,BISMARCK SEA,PAPUA NEW GUINEA,Definite Tsunami,7.6,13.0,1.08,Severe (~>$5 to $24 million),Few (~1 to 50 people)
2002,3.0,24.279,122.179,TAIWAN,TAIWAN,Definite Tsunami,7.1,33.0,,Moderate (~$1 to $5 million),Few (~1 to 50 people)
2002,3.0,6.033,124.249,"MINDANAO ISLAND, PHILIPPINES",PHILIPPINES,Definite Tsunami,7.5,31.0,,Moderate (~$1 to $5 million),Few (~1 to 50 people)
2002,1.0,-17.6,167.856,VANUATU ISLANDS,VANUATU,Definite Tsunami,7.2,21.0,-4.14,Limited (<$1 million),
2000,11.0,-4.001,152.327,BISMARCK SEA,PAPUA NEW GUINEA,Definite Tsunami,8.0,17.0,,Moderate (~$1 to $5 million),Few (~1 to 50 people)
2000,7.0,34.221,139.131,"KOZU-SHIMA ISLAND, HONSHU",JAPAN,Definite Tsunami,6.1,10.0,,Limited (<$1 million),Few (~1 to 50 people)
2000,6.0,-13.802,97.453,SOUTH INDIAN OCEAN,AUSTRALIA,Definite Tsunami,7.9,10.0,,,
2000,5.0,-1.105,123.573,SULAWESI,INDONESIA,Definite Tsunami,7.6,26.0,,Extreme (~$25 million or more),Few (~1 to 50 people)
1997,12.0,54.841,162.035,KAMCHATKA,RUSSIA,Definite Tsunami,7.8,33.0,0.5,,
1997,7.0,10.598,-63.486,CARIACO-CUMANA,VENEZUELA,Probable Tsunami,7.0,20.0,,Extreme (~$25 million or more),Some (~51 to 100 people)
1997,4.0,-12.584,166.676,SANTA CRUZ IS. VANUATU,SOLOMON ISLANDS,Definite Tsunami,7.7,33.0,-2.0,Limited (<$1 million),
1996,11.0,-14.993,-75.675,S. PERU,PERU,Definite Tsunami,7.7,33.0,-1.0,Extreme (~$25 million or more),Few (~1 to 50 people)
1996,6.0,51.564,-177.632,"ANDREANOF ISLANDS, AK",USA,Definite Tsunami,7.9,33.0,0.5,,
1995,12.0,44.663,149.3,S. KURIL ISLANDS,RUSSIA,Definite Tsunami,7.9,33.0,0.5,,
1995,11.0,28.826,34.799,GULF OF ELAT-AQABA,EGYPT,Definite Tsunami,7.2,10.0,,Moderate (~$1 to $5 million),Few (~1 to 50 people)
1995,9.0,16.779,-98.597,S. MEXICO,MEXICO,Probable Tsunami,7.4,23.0,-1.0,Moderate (~$1 to $5 million),Few (~1 to 50 people)
1995,8.0,-5.799,154.178,SOLOMON SEA,PAPUA NEW GUINEA,Definite Tsunami,7.7,30.0,-1.5,Limited (<$1 million),
1995,7.0,-23.34,-70.294,NORTHERN CHILE,CHILE,Definite Tsunami,8.0,46.0,1.5,Moderate (~$1 to $5 million),Few (~1 to 50 people)
1995,6.0,38.401,22.283,GULF OF CORINTH: AIYION,GREECE,Definite Tsunami,6.5,14.0,3.0,Extreme (~$25 million or more),Few (~1 to 50 people)
1995,5.0,52.629,142.827,SAKHALIN ISLAND,RUSSIA,Definite Tsunami,7.1,11.0,-2.0,Extreme (~$25 million or more),Very Many (~1001 or more people)
1995,5.0,-23.008,169.9,LOYALTY ISLANDS,NEW CALEDONIA,Definite Tsunami,7.7,20.0,-2.0,,
1995,4.0,-15.199,-173.529,SAMOA ISLANDS,SAMOA,Definite Tsunami,7.4,21.0,-1.5,,
1995,1.0,34.583,135.018,"KOBE, JAPAN",JAPAN,Definite Tsunami,6.9,22.0,-2.0,Extreme (~$25 million or more),Very Many (~1001 or more people)
1994,12.0,40.525,143.419,"TOHUKU, JAPAN",JAPAN,Definite Tsunami,7.8,27.0,,Extreme (~$25 million or more),Few (~1 to 50 people)
1994,10.0,43.773,147.321,S. KURIL ISLANDS,RUSSIA,Definite Tsunami,8.3,14.0,2.6,Severe (~>$5 to $24 million),Few (~1 to 50 people)
1994,1.0,1.015,127.733,HALMAHERA,INDONESIA,Definite Tsunami,7.0,20.0,1.5,Moderate (~$1 to $5 million),Few (~1 to 50 people)
1994,1.0,34.213,-118.537,"WEST COAST, USA",USA,Probable Tsunami,6.7,18.0,-3.0,Extreme (~$25 million or more),Some (~51 to 100 people)
1993,8.0,12.982,144.801,"GUAM, MARIANA ISLANDS",USA TERRITORY,Definite Tsunami,7.8,59.0,,Extreme (~$25 million or more),
1993,6.0,51.218,157.829,KAMCHATKA,RUSSIA,Definite Tsunami,7.5,71.0,-0.5,,
1993,2.0,37.634,137.245,HONSHU ISLAND,JAPAN,Definite Tsunami,6.3,11.0,-0.5,,
1992,5.0,7.191,126.762,PHILIPPINES,PHILIPPINES,Definite Tsunami,7.3,33.0,,Limited (<$1 million),
1992,4.0,40.368,-124.316,"CAPE MENDOCINO, N. CALIFORNIA",USA,Definite Tsunami,7.2,15.0,0.5,Extreme (~$25 million or more),
1990,12.0,37.3,15.438,EASTERN SICILY,ITALY,Definite Tsunami,5.3,11.0,,Extreme (~$25 million or more),Few (~1 to 50 people)
1990,4.0,15.125,147.596,"MARIANA TRENCH, N. MARIANA ISLANDS",USA TERRITORY,Definite Tsunami,7.5,11.0,,,
1990,3.0,9.919,-84.808,COSTA RICA,COSTA RICA,Definite Tsunami,7.0,22.0,,Moderate (~$1 to $5 million),
1989,11.0,39.837,142.76,JAPAN,JAPAN,Probable Tsunami,7.4,29.0,,,
1989,10.0,37.036,-121.883,N. CALIFORNIA,USA,Definite Tsunami,6.9,19.0,,Extreme (~$25 million or more),Some (~51 to 100 people)
1989,6.0,19.362,-155.083,HAWAII,USA,Definite Tsunami,6.5,9.0,,,
1989,5.0,-52.341,160.568,MACQUARIE ISLAND,AUSTRALIA,Definite Tsunami,8.1,10.0,,,
1988,7.0,-5.964,148.78,PAPUA NEW GUINEA,PAPUA NEW GUINEA,Definite Tsunami,6.8,53.0,,,
1988,3.0,57.262,-142.747,"GULF OF ALASKA, AK",USA,Definite Tsunami,7.8,15.0,,Limited (<$1 million),
1987,11.0,58.679,-142.786,"GULF OF ALASKA, AK",USA,Definite Tsunami,7.9,10.0,,Limited (<$1 million),
1987,10.0,-6.266,149.06,SOLOMON SEA,PAPUA NEW GUINEA,Definite Tsunami,7.4,48.0,,Moderate (~$1 to $5 million),
1987,3.0,32.034,131.837,KYUSHU ISLAND,JAPAN,Definite Tsunami,6.7,54.0,,Moderate (~$1 to $5 million),Few (~1 to 50 people)
1987,3.0,-24.388,-70.161,NORTHERN CHILE,CHILE,Definite Tsunami,7.6,62.0,,Moderate (~$1 to $5 million),Few (~1 to 50 people)
1987,2.0,-6.088,147.689,SOLOMON SEA,PAPUA NEW GUINEA,Definite Tsunami,7.4,55.0,,Moderate (~$1 to $5 million),Few (~1 to 50 people)
1986,10.0,-28.117,-176.367,KERMADEC ISLANDS,NEW ZEALAND,Definite Tsunami,7.8,29.0,,,
1986,5.0,51.52,-174.776,"ANDREANOF ISLANDS, AK",USA,Definite Tsunami,8.0,31.0,,Moderate (~$1 to $5 million),
1985,9.0,17.802,-101.647,MEXICO,MEXICO,Definite Tsunami,7.6,31.0,,,
1985,9.0,18.19,-102.533,MEXICO,MEXICO,Definite Tsunami,8.0,28.0,,Extreme (~$25 million or more),Very Many (~1001 or more people)
1985,7.0,-4.439,152.828,NEW IRELAND,PAPUA NEW GUINEA,Definite Tsunami,7.3,46.0,,Moderate (~$1 to $5 million),
1985,3.0,17.013,-62.448,GUADELOUPE,GUADELOUPE (FRENCH TERRITORY),Definite Tsunami,6.4,13.0,,Moderate (~$1 to $5 million),
1985,3.0,-33.132,-71.708,CENTRAL CHILE,CHILE,Definite Tsunami,8.0,33.0,,Extreme (~$25 million or more),Many (~101 to 1000 people)
1984,8.0,32.386,131.945,"KYUSHU, JAPAN",JAPAN,Definite Tsunami,7.0,46.0,,,
1983,11.0,-6.852,72.11,CHAGOS ARCHIPELAGO REGION,UK TERRITORY,Definite Tsunami,7.7,10.0,,Limited (<$1 million),
1983,10.0,-26.535,-70.563,NORTHERN CHILE,CHILE,Definite Tsunami,7.7,15.0,0.2,Moderate (~$1 to $5 million),Few (~1 to 50 people)
1983,8.0,18.231,120.86,LUZON ISLAND,PHILIPPINES,Definite Tsunami,6.6,29.0,,Moderate (~$1 to $5 million),Few (~1 to 50 people)
1983,3.0,-4.883,153.581,NEW BRITAIN,PAPUA NEW GUINEA,Definite Tsunami,7.9,89.0,,Moderate (~$1 to $5 million),
1982,12.0,-24.133,-175.864,KERMADEC ISLANDS,TONGA,Definite Tsunami,7.5,33.0,,,
1982,3.0,42.158,142.361,HOKKAIDO ISLAND,JAPAN,Definite Tsunami,6.9,44.0,,,
1981,10.0,18.084,-102.084,MEXICO,MEXICO,Definite Tsunami,7.3,28.0,,Severe (~>$5 to $24 million),Few (~1 to 50 people)
1981,5.0,-48.786,164.357,NEW ZEALAND,NEW ZEALAND,Definite Tsunami,7.6,33.0,,,
1981,2.0,38.222,22.934,ATHENS-EASTERN GULF OF CORINTH,GREECE,Definite Tsunami,6.7,33.0,3.0,Extreme (~$25 million or more),Few (~1 to 50 people)
1980,7.0,-12.525,165.916,SOLOMON ISLANDS,SOLOMON ISLANDS,Definite Tsunami,7.9,33.0,,,
1980,6.0,34.808,139.181,HONSHU ISLAND,JAPAN,Definite Tsunami,6.2,15.0,,Moderate (~$1 to $5 million),
1979,4.0,42.096,19.209,MONTENEGRO,MONTENEGRO,Definite Tsunami,6.9,10.0,1.0,Extreme (~$25 million or more),Many (~101 to 1000 people)
1979,3.0,17.813,-101.276,S. MEXICO,MEXICO,Definite Tsunami,7.6,49.0,,Extreme (~$25 million or more),Few (~1 to 50 people)
1978,6.0,38.19,142.03,SANRIKU,JAPAN,Definite Tsunami,7.7,44.0,0.5,Extreme (~$25 million or more),Few (~1 to 50 people)
1978,3.0,44.244,148.862,S. KURIL ISLANDS,RUSSIA,Definite Tsunami,7.6,33.0,0.0,,
1978,3.0,44.932,148.439,S. KURIL ISLANDS,RUSSIA,Definite Tsunami,7.5,33.0,0.0,,
1978,3.0,44.209,148.971,S. KURIL ISLANDS,RUSSIA,Definite Tsunami,6.8,46.0,-1.5,,
1978,1.0,34.809,139.259,TOKAIDO,JAPAN,Definite Tsunami,6.6,,,Severe (~>$5 to $24 million),Few (~1 to 50 people)
1977,6.0,-22.878,-175.9,TONGA TRENCH,TONGA,Definite Tsunami,7.2,65.0,,,
1977,4.0,-9.965,160.731,SOLOMON ISLANDS,SOLOMON ISLANDS,Definite Tsunami,8.1,33.0,-1.5,Severe (~>$5 to $24 million),Few (~1 to 50 people)
1977,4.0,-16.696,-172.095,SAMOA ISLANDS,SAMOA,Definite Tsunami,7.6,33.0,-2.0,Limited (<$1 million),
1976,2.0,15.324,-89.101,GUATEMALA,GUATEMALA,Definite Tsunami,7.5,5.0,,Extreme (~$25 million or more),Very Many (~1001 or more people)
1976,1.0,-28.427,-177.657,KERMADEC ISLANDS,NEW ZEALAND,Definite Tsunami,8.0,33.0,,,
1975,12.0,-16.265,-172.467,SAMOA ISLANDS,SAMOA,Definite Tsunami,7.8,33.0,,,
1975,7.0,-6.59,155.054,SOLOMON SEA,PAPUA NEW GUINEA,Definite Tsunami,7.9,49.0,1.0,Severe (~>$5 to $24 million),
1974,10.0,-12.27,-77.79,CENTRAL PERU,PERU,Definite Tsunami,8.1,13.0,1.0,Severe (~>$5 to $24 million),Some (~51 to 100 people)
1974,5.0,34.6,138.7,TOKAIDO,JAPAN,Definite Tsunami,6.7,2.0,-2.5,Moderate (~$1 to $5 million),Few (~1 to 50 people)
1973,10.0,-32.5,-71.5,CENTRAL CHILE,CHILE,Definite Tsunami,6.7,14.0,-1.0,,
1973,6.0,43.3,146.4,S. KURIL ISLANDS,RUSSIA,Definite Tsunami,7.1,50.0,,Limited (<$1 million),
1973,6.0,43.2,145.8,HOKKAIDO ISLAND,JAPAN,Definite Tsunami,7.7,48.0,1.0,Moderate (~$1 to $5 million),
1973,2.0,50.5,156.6,N. KURIL ISLANDS,RUSSIA,Definite Tsunami,7.2,27.0,0.5,,
1973,1.0,18.48,-103.0,S. MEXICO,MEXICO,Definite Tsunami,7.5,43.0,,Moderate (~$1 to $5 million),Some (~51 to 100 people)
1972,12.0,33.3,140.7,CHICHI JIMA,JAPAN,Definite Tsunami,7.4,66.0,-1.0,Limited (<$1 million),
1972,7.0,56.82,-135.685,"SE. ALASKA, AK",USA,Definite Tsunami,7.6,25.0,-2.0,Limited (<$1 million),
1972,2.0,33.3,140.8,EAST OFF HACHIJO ISLAND,JAPAN,Definite Tsunami,7.4,56.0,0.5,,
1972,1.0,22.5,122.3,E. TAIWAN,TAIWAN,Definite Tsunami,7.5,33.0,-2.0,Limited (<$1 million),Few (~1 to 50 people)
1971,12.0,56.0,163.3,KAMCHATKA,RUSSIA,Definite Tsunami,7.8,33.0,,,
1971,9.0,46.5,141.2,TATAR STRAIT,RUSSIA,Definite Tsunami,7.1,9.0,1.0,Limited (<$1 million),
1971,7.0,-4.9,153.2,SOLOMON SEA,PAPUA NEW GUINEA,Definite Tsunami,7.9,48.0,1.5,Moderate (~$1 to $5 million),
1971,7.0,-32.5,-71.2,CENTRAL CHILE,CHILE,Definite Tsunami,7.8,58.0,0.0,Extreme (~$25 million or more),Some (~51 to 100 people)
1970,9.0,20.6,122.0,PHILIPPINE TRENCH,PHILIPPINES,Probable Tsunami,5.3,33.0,0.5,Moderate (~$1 to $5 million),
1970,5.0,-9.2,-78.8,N. PERU,PERU,Definite Tsunami,7.9,43.0,,Extreme (~$25 million or more),Very Many (~1001 or more people)
1970,4.0,15.78,121.71,PHILIPPINE SEA,PHILIPPINES,Probable Tsunami,7.3,40.0,1.0,Moderate (~$1 to $5 million),Few (~1 to 50 people)
1970,1.0,6.8,126.7,PHILIPPINE TRENCH,PHILIPPINES,Definite Tsunami,7.6,73.0,,,
1969,12.0,15.8,-59.7,GRAND BOURG,GUADELOUPE (FRENCH TERRITORY),Definite Tsunami,7.2,7.0,,,
1969,11.0,57.7,163.6,KAMCHATKA,RUSSIA,Definite Tsunami,7.7,51.0,3.0,Limited (<$1 million),
1969,8.0,43.6,147.9,S. KURIL ISLANDS,RUSSIA,Definite Tsunami,8.2,30.0,2.0,Limited (<$1 million),
1969,2.0,36.017,-10.95,PORTUGAL,PORTUGAL,Definite Tsunami,7.8,22.0,,Moderate (~$1 to $5 million),Few (~1 to 50 people)
1968,8.0,1.4,126.2,N. MOLUCCAS ISLANDS,INDONESIA,Definite Tsunami,7.6,25.0,1.0,Limited (<$1 million),
1968,6.0,39.4,143.1,SANRIKU,JAPAN,Definite Tsunami,7.2,44.0,0.0,,
1968,5.0,41.5,142.7,OFF COAST OF HONSHU ISLAND,JAPAN,Definite Tsunami,7.5,33.0,-0.5,,
1966,12.0,-11.893,166.445,SANTA CRUZ ISLANDS,SOLOMON ISLANDS,Definite Tsunami,7.8,83.0,1.0,,
1966,7.0,44.75,37.0,BLACK SEA,RUSSIA,Definite Tsunami,5.5,,1.0,,
1927,9.0,44.4,34.5,"CRIMEA, BLACK SEA",UKRAINE,Definite Tsunami,6.8,17.0,2.0,Extreme (~$25 million or more),Few (~1 to 50 people)
2003,9.0,41.815,143.91,HOKKAIDO ISLAND,JAPAN,Definite Tsunami,8.3,27.0,,Extreme (~$25 million or more),Few (~1 to 50 people)
2001,6.0,-16.265,-73.641,S. PERU,PERU,Definite Tsunami,8.4,33.0,,Extreme (~$25 million or more),Many (~101 to 1000 people)
1999,11.0,-16.423,168.214,VANUATU ISLANDS,VANUATU,Definite Tsunami,7.5,33.0,,Severe (~>$5 to $24 million),Few (~1 to 50 people)
1996,2.0,-9.593,-79.587,N. PERU,PERU,Definite Tsunami,7.5,10.0,1.9,Limited (<$1 million),Few (~1 to 50 people)
1996,1.0,0.729,119.931,SULAWESI,INDONESIA,Definite Tsunami,7.9,24.0,1.8,Moderate (~$1 to $5 million),Few (~1 to 50 people)
1995,10.0,19.055,-104.205,S. MEXICO,MEXICO,Definite Tsunami,8.0,33.0,2.5,Moderate (~$1 to $5 million),Few (~1 to 50 people)
1995,5.0,-8.452,125.049,TIMOR SEA,INDONESIA,Definite Tsunami,6.9,13.0,1.5,Limited (<$1 million),Few (~1 to 50 people)
1994,10.0,-1.258,127.98,HALMAHERA,INDONESIA,Definite Tsunami,6.8,17.0,1.5,Moderate (~$1 to $5 million),Few (~1 to 50 people)
1991,4.0,9.685,-83.073,"LIMON, PANDORA",COSTA RICA,Definite Tsunami,7.6,10.0,,Extreme (~$25 million or more),Some (~51 to 100 people)
1988,8.0,-10.258,160.896,SOLOMON ISLANDS,SOLOMON ISLANDS,Definite Tsunami,7.6,36.0,,Limited (<$1 million),Few (~1 to 50 people)
1981,9.0,-14.96,-173.085,SAMOA ISLANDS,SAMOA,Definite Tsunami,7.7,25.0,-2.0,Limited (<$1 million),Few (~1 to 50 people)
1975,11.0,19.451,-155.033,HAWAII,USA,Definite Tsunami,7.7,2.0,3.0,Moderate (~$1 to $5 million),Few (~1 to 50 people)
1975,10.0,12.54,125.993,PHILIPPINE TRENCH,PHILIPPINES,Definite Tsunami,7.6,50.0,-1.5,Limited (<$1 million),Few (~1 to 50 people)
1971,7.0,-5.5,153.9,SOLOMON SEA,PAPUA NEW GUINEA,Definite Tsunami,7.9,47.0,1.0,Limited (<$1 million),Few (~1 to 50 people)
1970,10.0,-4.907,145.471,PAPUA NEW GUINEA,PAPUA NEW GUINEA,Definite Tsunami,7.3,8.0,0.5,Moderate (~$1 to $5 million),Few (~1 to 50 people)
1968,8.0,16.5,122.2,E. LUZON ISLAND,PHILIPPINES,Definite Tsunami,7.3,36.0,,Severe (~>$5 to $24 million),Many (~101 to 1000 people)
1979,9.0,-1.679,136.04,IRIAN JAYA,INDONESIA,Definite Tsunami,7.9,5.0,,Severe (~>$5 to $24 million),Many (~101 to 1000 people)
1994,11.0,13.525,121.067,PHILIPPINE ISLANDS,PHILIPPINES,Definite Tsunami,7.1,32.0,2.1,Moderate (~$1 to $5 million),Some (~51 to 100 people)
1983,5.0,40.462,139.102,"NOSHIRO, JAPAN",JAPAN,Definite Tsunami,7.8,24.0,2.0,Extreme (~$25 million or more),Many (~101 to 1000 people)
1968,8.0,0.2,119.8,BANDA SEA,INDONESIA,Definite Tsunami,7.8,23.0,2.5,Severe (~>$5 to $24 million),Many (~101 to 1000 people)
1999,8.0,40.76,29.97,"KOCAELI, TURKEY",TURKEY,Definite Tsunami,7.6,13.0,,Extreme (~$25 million or more),Very Many (~1001 or more people)
1996,2.0,-0.891,136.952,IRIAN JAYA,INDONESIA,Definite Tsunami,8.2,33.0,1.8,Moderate (~$1 to $5 million),Many (~101 to 1000 people)
1994,6.0,-10.477,112.835,SOUTH OF JAVA,INDONESIA,Definite Tsunami,7.8,18.0,2.5,Moderate (~$1 to $5 million),Many (~101 to 1000 people)
1993,7.0,42.851,139.197,SEA OF JAPAN,JAPAN,Definite Tsunami,7.7,17.0,3.1,Extreme (~$25 million or more),Many (~101 to 1000 people)
1992,9.0,11.727,-87.386,NICARAGUA,NICARAGUA,Definite Tsunami,7.7,40.0,2.8,Extreme (~$25 million or more),Many (~101 to 1000 people)
1979,12.0,1.598,-79.358,"COLOMBIA: OFF SHORE, PACIFIC OCEAN",COLOMBIA,Definite Tsunami,7.7,24.0,2.5,Severe (~>$5 to $24 million),Many (~101 to 1000 people)
1977,8.0,-11.085,118.464,SUNDA ISLANDS,INDONESIA,Definite Tsunami,8.0,33.0,3.0,Moderate (~$1 to $5 million),Many (~101 to 1000 people)
1969,2.0,-3.1,118.9,MAKASSAR STRAIT,INDONESIA,Definite Tsunami,6.9,13.0,2.0,Severe (~>$5 to $24 million),Many (~101 to 1000 people)
1976,8.0,6.292,124.09,MORO GULF,PHILIPPINES,Definite Tsunami,8.0,33.0,2.5,Extreme (~$25 million or more),Very Many (~1001 or more people)
1992,12.0,-8.48,121.896,FLORES SEA,INDONESIA,Definite Tsunami,7.8,28.0,2.7,Extreme (~$25 million or more),Very Many (~1001 or more people)
1998,7.0,-2.943,142.582,PAPUA NEW GUINEA,PAPUA NEW GUINEA,Definite Tsunami,7.0,25.0,,Severe (~>$5 to $24 million),Very Many (~1001 or more people)
2004,12.0,3.316,95.854,OFF W. COAST OF SUMATRA,INDONESIA,Definite Tsunami,9.1,30.0,,Extreme (~$25 million or more),Very Many (~1001 or more people)
2005,1.0,34.064,141.491,E. HONSHU ISLAND,JAPAN,Definite Tsunami,6.6,28.0,,,
2005,4.0,-1.644,99.607,KEPULAUAN MENTAWAI,INDONESIA,Definite Tsunami,6.7,19.0,,,
2005,3.0,2.085,97.108,INDONESIA,INDONESIA,Definite Tsunami,8.6,30.0,,Extreme (~$25 million or more),Very Many (~1001 or more people)
2005,6.0,41.301,-125.97,N. CALIFORNIA,USA,Definite Tsunami,7.2,10.0,,,
2005,8.0,38.276,142.039,E. COAST HONSHU ISLAND,JAPAN,Definite Tsunami,7.2,36.0,,Limited (<$1 million),
1977,4.0,-9.89,160.348,SOLOMON ISLANDS,SOLOMON ISLANDS,Definite Tsunami,7.6,19.0,,Limited (<$1 million),
1975,5.0,35.997,-17.649,AZORES GIBRALTAR FRACTURE ZONE,ATLANTIC OCEAN,Definite Tsunami,7.7,33.0,,Limited (<$1 million),
1978,3.0,44.14,149.029,S. KURIL ISLANDS,RUSSIA,Definite Tsunami,6.6,33.0,-3.0,,
1998,3.0,-62.877,149.527,BALLENY ISLANDS,ANTARCTICA,Probable Tsunami,8.1,10.0,,,
2005,11.0,38.107,144.896,E. COAST HONSHU ISLAND,JAPAN,Definite Tsunami,7.0,11.0,,,
1994,6.0,-10.362,112.892,SOUTH OF JAVA,INDONESIA,Definite Tsunami,6.6,26.0,,,
1994,6.0,-10.341,113.369,SOUTH OF JAVA,INDONESIA,Definite Tsunami,6.1,17.0,,,
2004,11.0,15.679,-61.706,"BASSE-TERRE, LES SAINTES",GUADELOUPE (FRENCH TERRITORY),Definite Tsunami,6.3,14.0,,,
2006,5.0,-20.187,-174.123,TONGA,TONGA,Definite Tsunami,8.0,55.0,,Limited (<$1 million),
2006,7.0,-9.254,107.411,SOUTH OF JAVA,INDONESIA,Definite Tsunami,7.7,34.0,,Extreme (~$25 million or more),Many (~101 to 1000 people)
2006,11.0,46.592,153.266,S. KURIL ISLANDS,RUSSIA,Definite Tsunami,8.3,10.0,,Moderate (~$1 to $5 million),
2003,12.0,-22.107,169.35,LOYALTY ISLANDS,NEW CALEDONIA,Definite Tsunami,6.1,10.0,,,
2004,11.0,49.277,-128.772,VANCOUVER ISLAND,CANADA,Definite Tsunami,6.6,10.0,,,
2006,9.0,-16.592,-172.033,SAMOA ISLANDS,SAMOA,Definite Tsunami,6.9,28.0,,,
2000,4.0,34.22,25.69,CRETE,GREECE,Definite Tsunami,5.5,38.0,,,
1983,1.0,38.026,20.228,IONIAN SEA,GREECE,Probable Tsunami,7.2,,,,
2004,12.0,-49.312,161.345,MACQUARIE ISLAND,AUSTRALIA,Definite Tsunami,8.1,10.0,,,
2004,11.0,43.006,145.119,HOKKAIDO ISLAND,JAPAN,Definite Tsunami,7.0,39.0,,Moderate (~$1 to $5 million),
2004,11.0,-8.152,124.868,KEPULAUAN ALOR,INDONESIA,Definite Tsunami,7.5,10.0,,Severe (~>$5 to $24 million),Few (~1 to 50 people)
2003,8.0,-45.104,167.144,SOUTH ISLAND,NEW ZEALAND,Definite Tsunami,7.2,28.0,,Limited (<$1 million),
1980,10.0,36.195,1.354,EL ASNAM,ALGERIA,Definite Tsunami,7.7,10.0,2.0,Extreme (~$25 million or more),Very Many (~1001 or more people)
2006,3.0,-3.595,127.214,SERAM ISLAND,INDONESIA,Definite Tsunami,6.7,30.0,,Moderate (~$1 to $5 million),Few (~1 to 50 people)
1965,3.0,39.4,24.0,AEGEAN SEA,GREECE,Probable Tsunami,6.3,18.0,,Severe (~>$5 to $24 million),Few (~1 to 50 people)
2007,1.0,46.243,154.524,S. KURIL ISLANDS,RUSSIA,Definite Tsunami,8.1,10.0,,,
2007,3.0,-20.617,169.357,VANUATU ISLANDS,VANUATU,Definite Tsunami,7.1,34.0,,,
2007,3.0,37.336,136.588,HONSHU: W COAST,JAPAN,Definite Tsunami,6.7,8.0,,Severe (~>$5 to $24 million),Few (~1 to 50 people)
1997,9.0,31.959,141.878,S. OF HONSHU ISLAND,JAPAN,Definite Tsunami,6.2,10.0,,,
1966,12.0,-12.334,166.684,SANTA CRUZ ISLANDS,SOLOMON ISLANDS,Definite Tsunami,7.2,23.0,0.0,,
2006,10.0,19.878,-155.935,HAWAII,USA,Definite Tsunami,6.7,39.0,,Moderate (~$1 to $5 million),
2007,4.0,-8.46,157.044,SOLOMON ISLANDS,SOLOMON ISLANDS,Definite Tsunami,8.1,10.0,,Severe (~>$5 to $24 million),Some (~51 to 100 people)
1916,7.0,38.817,15.233,STROMBOLI ISLAND,ITALY,Definite Tsunami,5.1,,4.0,Limited (<$1 million),
2007,8.0,51.307,-179.971,"ALEUTIAN ISLANDS, AK",USA,Definite Tsunami,6.7,21.0,,,
2007,8.0,47.116,141.798,TATAR STRAIT,RUSSIA,Definite Tsunami,6.2,5.0,,Limited (<$1 million),Few (~1 to 50 people)
2007,7.0,37.57,138.478,HONSHU: W COAST,JAPAN,Definite Tsunami,6.6,10.0,,Severe (~>$5 to $24 million),Few (~1 to 50 people)
1970,5.0,43.0,47.1,CASPIAN SEA,RUSSIA,Probable Tsunami,6.5,44.0,,Moderate (~$1 to $5 million),Many (~101 to 1000 people)
1930,5.0,17.3,96.5,MYANMAR COAST,MYANMAR (BURMA),Definite Tsunami,7.3,,,Severe (~>$5 to $24 million),Many (~101 to 1000 people)
2007,4.0,-45.285,-72.606,SOUTHERN CHILE,CHILE,Definite Tsunami,6.2,,,Limited (<$1 million),Few (~1 to 50 people)
2007,8.0,-13.386,-76.603,S. PERU,PERU,Definite Tsunami,8.0,39.0,,Extreme (~$25 million or more),Many (~101 to 1000 people)
1934,11.0,18.5,-105.5,MEXICO,MEXICO,Definite Tsunami,7.0,5.0,,,
1951,10.0,23.8,121.7,TAIWAN,TAIWAN,Definite Tsunami,7.3,21.0,,Severe (~>$5 to $24 million),Some (~51 to 100 people)
1967,7.0,10.6,-67.3,CARACAS,VENEZUELA,Definite Tsunami,6.5,10.0,,Extreme (~$25 million or more),Many (~101 to 1000 people)
1968,9.0,41.8,32.3,BLACK SEA,TURKEY,Definite Tsunami,6.6,38.0,,Severe (~>$5 to $24 million),Few (~1 to 50 people)
1973,3.0,13.4,122.8,QUEZON,PHILIPPINES,Definite Tsunami,7.5,33.0,,Limited (<$1 million),Few (~1 to 50 people)
2007,9.0,-4.438,101.367,SUMATRA,INDONESIA,Definite Tsunami,8.4,34.0,,Severe (~>$5 to $24 million),Few (~1 to 50 people)
2007,9.0,-49.418,163.954,AUCKLAND ISLANDS,NEW ZEALAND,Definite Tsunami,7.4,10.0,,,
2007,11.0,-22.247,-69.89,NORTHERN CHILE,CHILE,Definite Tsunami,7.7,40.0,,Severe (~>$5 to $24 million),Few (~1 to 50 people)
1970,3.0,57.5,-153.9,"ANDREANOF ISLANDS, AK",USA,Definite Tsunami,6.0,29.0,,Limited (<$1 million),
1926,8.0,36.5,23.3,ARGOLIKOS GULF,GREECE,Probable Tsunami,7.2,,,,
2000,7.0,33.901,139.376,HONSHU: S COAST,JAPAN,Definite Tsunami,6.5,10.0,,Limited (<$1 million),
1973,6.0,43.2,146.6,S. KURIL ISLANDS,RUSSIA,Definite Tsunami,6.6,,,,
2008,4.0,-20.071,168.892,LOYALTY ISLANDS,NEW CALEDONIA,Definite Tsunami,7.3,35.0,,,
1956,7.0,36.8,25.5,"AMORGOS ISLAND, AEGEAN ISLANDS",GREECE,Probable Tsunami,6.8,,,,
2008,2.0,-2.486,99.972,SUMATRA,INDONESIA,Definite Tsunami,6.5,25.0,,Limited (<$1 million),
2000,7.0,34.319,139.26,HONSHU: S COAST,JAPAN,Definite Tsunami,6.1,10.0,,Limited (<$1 million),
1986,11.0,23.901,121.574,TAIWAN,TAIWAN,Definite Tsunami,7.8,34.0,,Limited (<$1 million),Few (~1 to 50 people)
1955,4.0,39.4,23.1,VOLOS GULF,GREECE,Probable Tsunami,6.2,,,Extreme (~$25 million or more),Few (~1 to 50 people)
1954,9.0,36.283,1.467,SEA OF ALBORAN,ALGERIA,Definite Tsunami,6.7,,,Severe (~>$5 to $24 million),Very Many (~1001 or more people)
1953,9.0,35.0,32.5,LEVANTIAN SEA,CYPRUS,Probable Tsunami,6.5,,,Moderate (~$1 to $5 million),Few (~1 to 50 people)
1911,2.0,40.9,20.8,OCHRIDA LAKE,ALBANIA,Probable Tsunami,6.7,,,,
1907,10.0,38.133,16.017,IONIAN CALABRIA,ITALY,Definite Tsunami,5.9,,3.0,Moderate (~$1 to $5 million),Many (~101 to 1000 people)
1905,9.0,38.67,16.07,TYRRHENIAN CALABRIA,ITALY,Definite Tsunami,7.1,15.0,4.0,Extreme (~$25 million or more),Many (~101 to 1000 people)
2008,7.0,37.552,142.214,OFF EAST COAST OF HONSHU ISLAND,JAPAN,Definite Tsunami,6.9,22.0,,,
1906,11.0,6.5,0.3,GOLD COAST,GHANA,Probable Tsunami,5.0,,,Moderate (~$1 to $5 million),
1969,3.0,27.7,34.0,GULF OF SUEZ,EGYPT,Probable Tsunami,7.0,,,Severe (~>$5 to $24 million),Few (~1 to 50 people)
2003,5.0,36.939,3.578,ALGIERS,ALGERIA,Definite Tsunami,5.7,8.0,,Moderate (~$1 to $5 million),Few (~1 to 50 people)
2006,12.0,21.799,120.547,TAIWAN,CHINA,Definite Tsunami,7.0,10.0,,Limited (<$1 million),Few (~1 to 50 people)
2007,9.0,-11.61,165.762,SANTA CRUZ ISLANDS,SOLOMON ISLANDS,Definite Tsunami,7.2,35.0,,,
2007,12.0,-25.996,-177.514,KERMADEC ISLANDS,KERMADEC ISLANDS,Definite Tsunami,7.8,153.0,,,
2008,9.0,41.892,143.754,HOKKAIDO ISLAND,JAPAN,Definite Tsunami,6.8,25.0,,Severe (~>$5 to $24 million),Few (~1 to 50 people)
2008,11.0,1.271,122.091,SULAWESI,INDONESIA,Definite Tsunami,7.3,30.0,,Severe (~>$5 to $24 million),Few (~1 to 50 people)
1916,8.0,43.967,12.667,CENTRAL ADRIATIC,ITALY,Definite Tsunami,5.9,,2.0,,
1941,11.0,37.417,-18.983,AZORES GIBRALTAR FRACTURE ZONE,ATLANTIC OCEAN,Definite Tsunami,8.3,,2.0,,
2009,1.0,-0.414,132.885,NEAR NORTH COAST,INDONESIA,Definite Tsunami,7.6,17.0,,Severe (~>$5 to $24 million),Few (~1 to 50 people)
2009,1.0,-0.691,133.305,NEAR NORTH COAST,INDONESIA,Probable Tsunami,7.3,23.0,,,
2009,1.0,46.857,155.154,KAMCHATKA,RUSSIA,Definite Tsunami,7.4,36.0,,,
2009,2.0,3.884,126.397,CELEBES SEA,INDONESIA,Definite Tsunami,7.2,22.0,,Moderate (~$1 to $5 million),
1968,4.0,44.08,8.0,LIGURIA-COTE D'AZUR,ITALY,Definite Tsunami,4.6,7.0,2.0,,
1930,10.0,43.667,13.267,CENTRAL ADRIATIC,ITALY,Definite Tsunami,5.9,,4.0,Severe (~>$5 to $24 million),Few (~1 to 50 people)
1939,5.0,37.053,-24.427,AZORES,PORTUGAL,Definite Tsunami,6.5,16.0,1.0,,
1980,1.0,38.727,-27.75,AZORES,PORTUGAL,Definite Tsunami,6.9,13.0,1.0,Moderate (~$1 to $5 million),Some (~51 to 100 people)
2009,3.0,-23.046,-174.659,TONGA,TONGA,Definite Tsunami,7.6,34.0,,,
1978,8.0,36.37,-6.98,CADIZ,SPAIN,Definite Tsunami,4.4,30.0,1.0,,
1963,9.0,40.75,29.0,MARMARA SEA,TURKEY,Definite Tsunami,6.1,,3.0,Moderate (~$1 to $5 million),Few (~1 to 50 people)
2009,10.0,-13.006,166.51,VANUATU ISLANDS,VANUATU,Definite Tsunami,7.6,45.0,,,
2009,5.0,16.72,-86.236,OFF COAST OF HONDURAS,HONDURAS,Definite Tsunami,7.3,10.0,,Moderate (~$1 to $5 million),Few (~1 to 50 people)
2009,9.0,-0.72,99.867,SUMATRA,INDONESIA,Definite Tsunami,7.5,81.0,,Extreme (~$25 million or more),Very Many (~1001 or more people)
2009,8.0,-1.479,99.49,SUMATRA,INDONESIA,Definite Tsunami,6.7,20.0,,,
2009,8.0,14.099,92.888,ANDAMAN ISLANDS,INDIA,Probable Tsunami,7.5,5.0,,,
2009,8.0,34.743,138.264,HONSHU: S COAST,JAPAN,Definite Tsunami,6.4,40.0,,Severe (~>$5 to $24 million),Few (~1 to 50 people)
2009,7.0,-45.762,166.562,OFF WEST COAST OF SOUTH ISLAND,NEW ZEALAND,Definite Tsunami,7.8,12.0,,Limited (<$1 million),
2009,9.0,-15.489,-172.095,SAMOA ISLANDS,SAMOA,Definite Tsunami,8.1,18.0,,Extreme (~$25 million or more),Many (~101 to 1000 people)
2010,1.0,-8.743,157.477,SOLOMON ISLANDS,SOLOMON ISLANDS,Definite Tsunami,6.6,26.0,,,
2010,1.0,-8.799,157.346,SOLOMON ISLANDS,SOLOMON ISLANDS,Definite Tsunami,7.1,25.0,,Limited (<$1 million),
2004,2.0,31.675,35.551,DEAD SEA,JORDAN,Definite Tsunami,5.3,27.0,,Moderate (~$1 to $5 million),
2010,1.0,-9.019,157.551,SOLOMON ISLANDS,SOLOMON ISLANDS,Definite Tsunami,6.8,15.0,,,
2010,1.0,18.457,-72.533,HAITI & DOMINICAN REPUBLIC,HAITI,Definite Tsunami,7.0,13.0,,Extreme (~$25 million or more),Very Many (~1001 or more people)
2010,2.0,-36.122,-72.898,CENTRAL CHILE,CHILE,Definite Tsunami,8.8,23.0,,Extreme (~$25 million or more),Many (~101 to 1000 people)
2010,4.0,2.383,97.048,SUMATRA,INDONESIA,Definite Tsunami,7.8,31.0,,,
2010,3.0,-34.29,-71.891,CENTRAL CHILE,CHILE,Definite Tsunami,6.9,11.0,,Limited (<$1 million),
2010,2.0,25.93,128.425,RYUKYU ISLANDS,JAPAN,Probable Tsunami,7.0,25.0,,,
2005,2.0,15.775,-61.744,DOMINICA PASSAGE,GUADELOUPE (FRENCH TERRITORY),Probable Tsunami,5.8,12.0,,,
1910,11.0,-14.0,166.5,VANUATU ISLANDS,VANUATU,Probable Tsunami,7.2,90.0,,Moderate (~$1 to $5 million),
2010,6.0,7.881,91.936,LITTLE NICOBAR ISLAND,INDIA,Definite Tsunami,7.5,35.0,,,
1901,10.0,11.0,-86.5,NICARAGUA,NICARAGUA,Probable Tsunami,7.0,,,Limited (<$1 million),
2010,8.0,-17.541,168.069,VANUATU ISLANDS,VANUATU,Definite Tsunami,7.2,25.0,,,
2010,8.0,12.484,141.476,"GUAM, MARIANA ISLANDS",USA TERRITORY,Definite Tsunami,6.9,10.0,,,
2010,10.0,-3.487,100.082,SUMATRA,INDONESIA,Definite Tsunami,7.8,20.0,,Extreme (~$25 million or more),Many (~101 to 1000 people)
2010,12.0,26.901,143.698,BONIN ISLANDS,JAPAN,Definite Tsunami,7.4,14.0,,,
2010,12.0,-19.702,167.947,VANUATU ISLANDS,VANUATU,Definite Tsunami,7.3,16.0,,Limited (<$1 million),
2011,2.0,-36.474,-73.125,CENTRAL CHILE,CHILE,Definite Tsunami,6.8,28.0,,,
2011,3.0,38.435,142.842,HONSHU ISLAND,JAPAN,Definite Tsunami,7.5,32.0,,,
2011,3.0,38.297,142.372,HONSHU ISLAND,JAPAN,Definite Tsunami,9.1,30.0,,Extreme (~$25 million or more),Very Many (~1001 or more people)
1981,3.0,38.209,23.288,GULF OF CORINTH,GREECE,Probable Tsunami,6.4,29.0,,,
2011,1.0,-19.157,168.311,VANUATU ISLANDS,VANUATU,Definite Tsunami,6.5,24.0,,,
1964,5.0,40.4,139.0,NW. HONSHU ISLAND,JAPAN,Probable Tsunami,6.6,,-3.0,,
2011,7.0,38.034,143.264,OFF EAST COAST OF HONSHU ISLAND,JAPAN,Definite Tsunami,7.0,23.0,,,
2011,6.0,52.05,-171.836,"ATKA, ALEUTIAN ISLANDS, AK",USA,Definite Tsunami,7.3,52.0,,,
2011,7.0,-29.539,-176.34,KERMADEC ISLANDS,NEW ZEALAND,Definite Tsunami,7.6,17.0,,,
2011,4.0,38.276,141.588,E. COAST HONSHU ISLAND,JAPAN,Definite Tsunami,7.1,42.0,,Limited (<$1 million),Few (~1 to 50 people)
2011,8.0,-18.311,168.218,VANUATU ISLANDS,VANUATU,Definite Tsunami,7.0,28.0,,,
2011,8.0,-18.365,168.143,VANUATU ISLANDS,VANUATU,Definite Tsunami,7.1,32.0,,,
2011,9.0,52.171,-171.708,"FOX ISLANDS, ALEUTIAN ISLANDS, AK",USA,Definite Tsunami,6.8,32.0,,,
1990,2.0,9.755,124.694,PHILIPPINES,PHILIPPINES,Definite Tsunami,6.6,26.0,,Limited (<$1 million),Some (~51 to 100 people)
2011,10.0,-28.993,-176.238,KERMADEC ISLANDS,NEW ZEALAND,Definite Tsunami,7.4,33.0,,,
2012,3.0,16.493,-98.231,S. MEXICO,MEXICO,Definite Tsunami,7.4,20.0,,Severe (~>$5 to $24 million),Few (~1 to 50 people)
2012,3.0,40.887,144.944,HOKKAIDO ISLAND,JAPAN,Definite Tsunami,6.9,12.0,,,
2001,1.0,13.049,-88.66,EL SALVADOR,EL SALVADOR,Probable Tsunami,7.7,60.0,,Extreme (~$25 million or more),Many (~101 to 1000 people)
2012,4.0,2.327,93.063,OFF W. COAST OF N SUMATRA,INDONESIA,Definite Tsunami,8.6,20.0,,Limited (<$1 million),Few (~1 to 50 people)
2012,4.0,0.802,92.463,OFF W. COAST OF N SUMATRA,INDONESIA,Definite Tsunami,8.2,25.0,,,
2012,4.0,-18.972,168.741,VANUATU ISLANDS,VANUATU,Definite Tsunami,6.3,11.0,,,
2012,2.0,-17.827,167.133,VANUATU ISLANDS,VANUATU,Definite Tsunami,7.0,23.0,,,
2012,8.0,12.139,-88.59,EL SALVADOR-NICARAGUA,EL SALVADOR,Definite Tsunami,7.3,28.0,,Limited (<$1 million),
2012,8.0,10.811,126.638,PHILIPPINE ISLANDS,PHILIPPINES,Definite Tsunami,7.6,28.0,,Limited (<$1 million),Few (~1 to 50 people)
2012,9.0,10.085,-85.315,COSTA RICA,COSTA RICA,Definite Tsunami,7.6,35.0,,Limited (<$1 million),Few (~1 to 50 people)
1919,6.0,12.33,-88.291,GULF OF FONSECA,NICARAGUA,Probable Tsunami,6.6,20.0,,,
2012,11.0,13.988,-91.895,GUATEMALA,GUATEMALA,Definite Tsunami,7.3,24.0,,Severe (~>$5 to $24 million),Some (~51 to 100 people)
2012,12.0,37.89,143.949,OFF EAST COAST OF HONSHU ISLAND,JAPAN,Definite Tsunami,7.2,31.0,,,
2012,10.0,52.788,-132.101,BRITISH COLUMBIA,CANADA,Definite Tsunami,7.7,14.0,,,Few (~1 to 50 people)
2013,1.0,55.393,-134.652,"SE. ALASKA, AK",USA,Definite Tsunami,7.5,10.0,,Limited (<$1 million),
2013,2.0,-10.928,166.018,SANTA CRUZ ISLANDS,SOLOMON ISLANDS,Definite Tsunami,7.0,21.0,,,
2013,2.0,-10.766,165.114,SANTA CRUZ ISLANDS,SOLOMON ISLANDS,Definite Tsunami,7.9,24.0,,Moderate (~$1 to $5 million),Few (~1 to 50 people)
2013,7.0,-41.704,174.337,COOK STRAIT,NEW ZEALAND,Definite Tsunami,6.5,17.0,,Limited (<$1 million),
2004,11.0,-46.676,164.721,PUYSEGUR TRENCH,NEW ZEALAND,Definite Tsunami,7.1,10.0,,,
2013,8.0,-41.731,174.027,WELLINGTON,NEW ZEALAND,Definite Tsunami,6.5,10.0,,Limited (<$1 million),
2013,10.0,37.2,144.6,E. COAST HONSHU ISLAND,JAPAN,Definite Tsunami,7.1,10.0,,,
2013,11.0,-60.274,-46.401,SCOTIA SEA,ANTARCTICA,Definite Tsunami,7.7,10.0,,,
2014,3.0,-19.965,-70.814,NORTHERN CHILE,CHILE,Definite Tsunami,6.7,21.0,,Limited (<$1 million),
2014,4.0,-6.755,155.024,SOLOMON SEA,PAPUA NEW GUINEA,Definite Tsunami,7.5,43.0,,,
2014,4.0,-11.463,162.051,SOLOMON ISLANDS,SOLOMON ISLANDS,Definite Tsunami,7.4,39.0,,,
2014,4.0,17.397,-100.972,S. MEXICO,MEXICO,Definite Tsunami,7.2,24.0,,Limited (<$1 million),
2014,4.0,-20.571,-70.493,NORTHERN CHILE,CHILE,Definite Tsunami,7.7,22.0,,,
2014,4.0,-11.27,162.148,SOLOMON ISLANDS,SOLOMON ISLANDS,Definite Tsunami,7.6,23.0,,,
2014,4.0,-19.61,-70.769,NORTHERN CHILE,CHILE,Definite Tsunami,8.2,25.0,,Extreme (~$25 million or more),Few (~1 to 50 people)
2014,6.0,51.849,178.735,"ALEUTIAN ISLANDS, AK",USA,Definite Tsunami,7.9,109.0,,,
2014,6.0,-29.977,-177.725,"S OF RAOUL ISLAND, KERMADEC ISLANDS",NEW ZEALAND,Definite Tsunami,6.9,20.0,,,
2014,7.0,37.005,142.453,SANRIKU,JAPAN,Definite Tsunami,6.5,20.0,,,
2014,7.0,58.306,-136.96,"PALMA BAY, AK",USA,Definite Tsunami,6.1,10.0,,,
2014,10.0,-32.108,-110.811,EASTER ISLAND REGION,CHILE,Definite Tsunami,7.0,16.0,,,
2014,11.0,1.893,126.522,N. MOLUCCAS ISLANDS,INDONESIA,Probable Tsunami,7.1,45.0,,,
2015,2.0,39.856,142.881,HONSHU,JAPAN,Definite Tsunami,6.7,23.0,,,
2015,3.0,-4.729,152.562,BISMARCK SEA,PAPUA NEW GUINEA,Definite Tsunami,7.5,41.0,,,
2015,2.0,-16.431,168.148,VANUATU ISLANDS,VANUATU,Definite Tsunami,6.4,10.0,,Limited (<$1 million),
2015,5.0,31.529,140.213,S. OF HONSHU ISLAND,JAPAN,Probable Tsunami,5.7,10.0,,,
2015,5.0,-5.462,151.875,NEW BRITAIN,PAPUA NEW GUINEA,Probable Tsunami,7.5,55.0,,Limited (<$1 million),
2015,7.0,-9.307,158.403,SOLOMON ISLANDS,SOLOMON ISLANDS,Definite Tsunami,6.7,12.0,,,
2015,7.0,-10.401,165.141,SANTA CRUZ ISLANDS,SOLOMON ISLANDS,Definite Tsunami,7.0,11.0,,,
2015,7.0,52.214,-169.399,"FOX ISLANDS, ALEUTIAN ISLANDS, AK",USA,Definite Tsunami,6.9,23.0,,,
2015,9.0,-31.573,-71.674,CENTRAL CHILE,CHILE,Definite Tsunami,8.3,22.0,,Extreme (~$25 million or more),Few (~1 to 50 people)
2015,11.0,31.001,128.873,JAPAN,JAPAN,Definite Tsunami,6.7,12.0,,,
2015,11.0,38.67,20.6,IONIAN SEA,GREECE,Definite Tsunami,6.5,11.0,,Moderate (~$1 to $5 million),Few (~1 to 50 people)
2015,11.0,-29.46,-72.12,CENTRAL CHILE,CHILE,Definite Tsunami,6.9,33.0,,,
2016,3.0,-4.952,94.33,SW. SUMATRA,INDONESIA,Definite Tsunami,7.8,24.0,,,
2016,4.0,0.35,-80.16,OFF COAST,ECUADOR,Definite Tsunami,7.8,17.0,,Extreme (~$25 million or more),Many (~101 to 1000 people)
1993,3.0,-14.385,-178.252,FUTUNA,WALLIS AND FUTUNA (FRENCH TERRITORY),Probable Tsunami,6.4,10.0,,Limited (<$1 million),Few (~1 to 50 people)
2016,4.0,-16.043,167.379,VANUATU ISLANDS,VANUATU,Probable Tsunami,7.0,24.0,,,
2016,8.0,-55.285,-31.877,SOUTHERN ATLANTIC OCEAN,UK TERRITORY,Probable Tsunami,7.4,10.0,,,
2016,8.0,-22.477,173.117,LOYALTY ISLANDS,NEW CALEDONIA,Definite Tsunami,7.2,16.0,,,
2014,10.0,12.526,-88.123,GULF OF FONSECA,EL SALVADOR,Definite Tsunami,7.3,40.0,,Limited (<$1 million),Few (~1 to 50 people)
2001,10.0,52.63,-132.2,QUEEN CHARLOTTE ISLANDS,CANADA,Definite Tsunami,6.1,20.0,,,
2016,11.0,-42.737,173.054,OFF EAST COAST OF SOUTH ISLAND,NEW ZEALAND,Definite Tsunami,7.8,15.0,,Extreme (~$25 million or more),Few (~1 to 50 people)
2016,9.0,-37.359,179.146,GISBORNE,NEW ZEALAND,Definite Tsunami,7.0,19.0,,,
2016,11.0,11.96,-88.835,NICARAGUA,NICARAGUA,Definite Tsunami,6.9,33.0,,,
2016,12.0,-4.505,153.522,SOLOMON SEA,PAPUA NEW GUINEA,Definite Tsunami,7.9,95.0,,,
2016,12.0,-10.681,161.327,SOLOMON ISLANDS,SOLOMON ISLANDS,Definite Tsunami,7.8,40.0,,Limited (<$1 million),Few (~1 to 50 people)
1962,1.0,43.3,17.1,DALMATIAN COASTS,CROATIA,Probable Tsunami,6.1,33.0,,,
2016,12.0,-10.749,161.132,SOLOMON ISLANDS,SOLOMON ISLANDS,Definite Tsunami,6.9,20.0,,,
2016,11.0,37.393,141.387,E. COAST HONSHU ISLAND,JAPAN,Definite Tsunami,6.9,9.0,,Limited (<$1 million),
1996,9.0,21.898,121.498,TAIWAN REGION,TAIWAN,Definite Tsunami,6.8,20.0,,,
2017,1.0,-6.246,155.172,BOUGAINVILLE ISLAND,PAPUA NEW GUINEA,Definite Tsunami,7.9,135.0,,Limited (<$1 million),Few (~1 to 50 people)
2016,12.0,-43.517,-74.391,SOUTHERN CHILE,CHILE,Definite Tsunami,7.6,30.0,,Limited (<$1 million),
2017,1.0,-19.373,176.052,FIJI ISLANDS,FIJI,Definite Tsunami,6.9,12.0,,,
2017,4.0,5.504,125.066,"SOCCSKSARGEN, PHILIPPINES",PHILIPPINES,Definite Tsunami,6.9,26.0,,Limited (<$1 million),
2017,5.0,59.852,-136.677,"SKAGWAY, AK",USA,Definite Tsunami,6.2,1.0,,,
2017,4.0,-33.038,-72.062,CENTRAL CHILE,CHILE,Definite Tsunami,6.9,28.0,,,
2017,7.0,54.443,168.857,BERING ISLAND,RUSSIA,Definite Tsunami,7.7,10.0,,,
2017,7.0,36.929,27.414,GULF OF GKOVA,TURKEY,Definite Tsunami,6.6,7.0,,Moderate (~$1 to $5 million),Few (~1 to 50 people)
2017,6.0,38.93,26.365,LESBOS,GREECE,Definite Tsunami,6.3,12.0,,Moderate (~$1 to $5 million),Few (~1 to 50 people)
1975,12.0,-18.672,178.464,FIJI ISLANDS,FIJI,Probable Tsunami,4.9,33.0,,,
2017,11.0,-21.648,168.859,LOYALTY ISLANDS,NEW CALEDONIA,Definite Tsunami,6.6,22.0,,,
1950,12.0,-18.25,167.5,VANUATU ISLANDS,VANUATU,Probable Tsunami,7.8,60.0,,,
2017,10.0,-21.697,169.149,LOYALTY ISLANDS,NEW CALEDONIA,Definite Tsunami,6.7,24.0,,,
2017,9.0,14.761,-94.103,S. MEXICO,MEXICO,Definite Tsunami,8.2,46.0,,Extreme (~$25 million or more),Some (~51 to 100 people)
2018,1.0,17.474,-83.519,OFF COAST OF HONDURAS,HONDURAS,Definite Tsunami,7.5,10.0,,Limited (<$1 million),
2018,1.0,56.046,-149.073,"KODIAK ISLAND, AK",USA,Definite Tsunami,7.9,25.0,,Limited (<$1 million),
2017,11.0,-21.325,168.672,LOYALTY ISLANDS,NEW CALEDONIA,Definite Tsunami,7.0,10.0,,,
2018,1.0,-15.776,-74.744,S. PERU,PERU,Definite Tsunami,7.1,36.0,,,
2018,5.0,19.37,-155.032,HAWAII,USA,Definite Tsunami,6.9,5.0,,Extreme (~$25 million or more),
2018,8.0,-8.287,116.452,BALI SEA,INDONESIA,Definite Tsunami,6.9,31.0,,Extreme (~$25 million or more),Many (~101 to 1000 people)
2018,10.0,37.506,20.563,IONIAN SEA,GREECE,Definite Tsunami,6.8,14.0,,Limited (<$1 million),
2018,8.0,-18.178,-178.111,FIJI ISLANDS,FIJI,Definite Tsunami,8.2,563.0,,,
2018,8.0,-22.066,170.05,LOYALTY ISLANDS,NEW CALEDONIA,Definite Tsunami,7.1,27.0,,,
2018,9.0,-0.178,119.84,SULAWESI,INDONESIA,Definite Tsunami,7.5,10.0,,Extreme (~$25 million or more),Very Many (~1001 or more people)
2018,12.0,-21.969,169.446,LOYALTY ISLANDS,NEW CALEDONIA,Definite Tsunami,7.5,10.0,,Limited (<$1 million),
1990,6.0,36.957,49.409,CASPIAN SEA,IRAN,Probable Tsunami,7.3,19.0,,Extreme (~$25 million or more),Very Many (~1001 or more people)
2012,3.0,-19.125,169.613,OFF EAST COAST OF VANUATU,VANUATU,Definite Tsunami,6.7,16.0,,,
2019,6.0,38.646,139.472,NIIGATA,JAPAN,Definite Tsunami,6.4,12.0,,Moderate (~$1 to $5 million),
2009,7.0,34.164,25.471,CRETE,GREECE,Definite Tsunami,6.4,19.0,,,
2019,6.0,-30.056,-72.082,CENTRAL CHILE,CHILE,Definite Tsunami,6.4,11.0,,,
2019,6.0,-30.805,-178.095,"S OF RAOUL ISLAND, KERMADEC ISLANDS",NEW ZEALAND,Definite Tsunami,7.2,34.0,,,
2011,5.0,-20.244,168.226,LOYALTY ISLANDS,NEW CALEDONIA,Definite Tsunami,6.8,11.0,,,
2015,11.0,-8.899,158.422,SOLOMON ISLANDS,SOLOMON ISLANDS,Definite Tsunami,6.8,13.0,,,
2017,11.0,-21.638,168.673,LOYALTY ISLANDS,NEW CALEDONIA,Definite Tsunami,6.3,14.0,,,
2017,11.0,-21.503,168.598,LOYALTY ISLANDS,NEW CALEDONIA,Definite Tsunami,6.6,13.0,,,
2018,10.0,-21.743,169.522,LOYALTY ISLANDS,NEW CALEDONIA,Definite Tsunami,6.5,17.0,,,
2019,11.0,1.6,126.416,N. MOLUCCAS ISLANDS,INDONESIA,Definite Tsunami,7.1,33.0,,Limited (<$1 million),Few (~1 to 50 people)
2009,9.0,-7.782,107.297,JAVA SEA,INDONESIA,Definite Tsunami,7.0,46.0,,Severe (~>$5 to $24 million),Some (~51 to 100 people)
2020,1.0,17.916,-66.813,PUERTO RICO,USA TERRITORY,Definite Tsunami,6.4,10.0,,Extreme (~$25 million or more),Few (~1 to 50 people)
2020,1.0,19.44,-78.755,OFF SE COAST,CUBA,Definite Tsunami,7.7,10.0,,Moderate (~$1 to $5 million),
2016,8.0,40.394,143.68,SANRIKU,JAPAN,Definite Tsunami,6.0,10.0,,,
1998,5.0,39.027,143.441,SANRIKU,JAPAN,Definite Tsunami,6.2,33.0,,,
2020,3.0,48.986,157.693,N. KURIL ISLANDS,RUSSIA,Definite Tsunami,7.5,57.0,,,
1905,11.0,40.092,24.627,NORTH AEGEAN SEA,GREECE,Probable Tsunami,7.2,15.0,,Moderate (~$1 to $5 million),Few (~1 to 50 people)
2020,5.0,34.205,25.712,CRETE,GREECE,Definite Tsunami,6.6,17.0,,,
2020,7.0,55.03,-158.522,"SHUMAGIN ISLANDS, AK",USA,Definite Tsunami,7.8,28.0,,,
2020,6.0,-33.294,-177.838,"S OF RAOUL ISLAND, KERMADEC ISLANDS",NEW ZEALAND,Definite Tsunami,7.4,10.0,,,
2013,4.0,18.081,-102.182,MEXICO,MEXICO,Probable Tsunami,6.0,30.0,,,
2020,6.0,16.029,-95.901,OFF OF COAST OF OAXACA,MEXICO,Definite Tsunami,7.4,26.0,,Extreme (~$25 million or more),Few (~1 to 50 people)
